user_id,recommendations
1,"[940947, 9297615, 9655212, 10149640, 856942]"
2,"[939860, 977374, 1097398, 1029743, 1074333]"
3,"[8020166, 939860, 986912, 6632283, 1029743]"
6,"[1024306, 1098844, 6548453, 878996, 1029743]"
7,"[1122358, 993638, 1106523, 1126899, 862682]"
8,"[872137, 12302069, 1106523, 844179, 865456]"
9,"[1056005, 1029743, 1070820, 862799, 970760]"
10,"[5569230, 977374, 6632283, 1138292, 1029743]"
13,"[1038985, 1029743, 862070, 1132771, 1068719]"
14,"[1127758, 1029743, 8090521, 1122358, 8090537]"
15,"[1029743, 1070820, 1106523, 963835, 1051516]"
16,"[13007710, 1029743, 1106523, 923149, 1075368]"
18,"[938118, 990797, 951412, 1040807, 865456]"
19,"[1044078, 1029743, 999104, 844179, 5568378]"
20,"[1075368, 1126899, 945611, 995628, 1123106]"
21,"[1074333, 977374, 986912, 1138292, 1029743]"
22,"[1082185, 1070820, 1018339, 827656, 1104349]"
23,"[1138858, 1075368, 1034176, 1051468, 1006184]"
24,"[1094308, 1008814, 926905, 1016800, 9835619]"
25,"[1029743, 866211, 1041796, 929018, 5568378]"
26,"[1022254, 896862, 1043751, 901062, 1029743]"
27,"[963686, 1124520, 1102416, 1118264, 1108940]"
28,"[940947, 6534030, 6533368, 854900, 916122]"
29,"[930283, 854900, 941856, 878715, 950894]"
30,"[1106523, 6443350, 1087785, 936355, 1051323]"
31,"[1070820, 1040807, 1062128, 1138443, 971922]"
32,"[1003649, 1094924, 901062, 8293447, 944836]"
33,"[871756, 1106523, 1047619, 986912, 983584]"
34,"[1096315, 993638, 1029743, 5569230, 986912]"
35,"[837270, 1040807, 993638, 1126899, 1029743]"
36,"[865705, 1029743, 8019977, 969568, 1024306]"
37,"[1056212, 1097001, 1067695, 916990, 1127716]"
39,"[880050, 1127716, 1126899, 857503, 1138487]"
40,"[1112205, 1083043, 1055504, 6034857, 5585510]"
41,"[9419888, 909714, 865705, 913210, 1126899]"
42,"[839656, 5995177, 1060673, 6602697, 1112766]"
43,"[6391137, 1033403, 1072523, 887375, 1029743]"
46,"[1029743, 999104, 1098844, 852856, 1127831]"
47,"[844179, 1044078, 965766, 8090537, 885290]"
49,"[1070820, 1004906, 933835, 1027168, 1139782]"
50,"[1029743, 1126899, 1097398, 977374, 974766]"
51,"[1029743, 916990, 1097398, 8020166, 1138292]"
52,"[865705, 857503, 879280, 880427, 1116020]"
53,"[6034857, 5569471, 1087102, 13906641, 833940]"
55,"[1097280, 1116589, 5570467, 903609, 1011457]"
56,"[979707, 940947, 9803545, 963835, 5569230]"
57,"[986912, 7139529, 871756, 916122, 1106523]"
58,"[1104343, 1068719, 1127831, 944836, 976199]"
59,"[1056509, 1004906, 1024032, 8090537, 1081177]"
62,"[916990, 939860, 6632283, 1075368, 1106523]"
63,"[897733, 1029743, 10285296, 865718, 883940]"
64,"[1131344, 999270, 1106523, 1013928, 949023]"
65,"[1070820, 965766, 902172, 961889, 986912]"
67,"[1098844, 1029743, 933835, 971922, 899624]"
68,"[1029743, 1101010, 856252, 883932, 1004906]"
69,"[933067, 12810393, 910673, 871061, 1004906]"
70,"[5569230, 1126899, 986912, 1075368, 1029743]"
71,"[1056509, 916122, 1029743, 844179, 899624]"
72,"[1070820, 991874, 865705, 8090521, 5585510]"
75,"[1029743, 541711, 1106523, 1070820, 1126899]"
77,"[1126899, 857503, 899624, 1106523, 829323]"
78,"[1039627, 1082185, 835098, 930385, 6773232]"
79,"[1103513, 1068719, 1070820, 1067779, 1022254]"
80,"[1055504, 835098, 1082185, 913210, 986912]"
81,"[971922, 1029743, 1093413, 1106523, 1138443]"
82,"[1084036, 849202, 880150, 847573, 1055504]"
83,"[10457590, 848319, 1055425, 835278, 899624]"
84,"[903529, 920025, 829722, 901061, 5569374]"
85,"[1075368, 854852, 8090537, 986912, 1004906]"
86,"[865026, 9707240, 854852, 1029743, 1106523]"
87,"[1079528, 1008820, 955240, 8293385, 6391089]"
88,"[1075368, 8090521, 1068719, 1044078, 5569327]"
90,"[918046, 5574377, 1097398, 5569230, 1126899]"
91,"[1029743, 1106523, 1005849, 1136524, 851394]"
92,"[12946027, 871061, 1127758, 6391089, 9884698]"
94,"[1029743, 1106523, 1139638, 968363, 6961492]"
95,"[1029743, 8090532, 885863, 8090521, 8090537]"
97,"[896862, 999270, 1075368, 999858, 6034857]"
98,"[1091858, 847241, 1042544, 919423, 9836195]"
99,"[1029743, 5590613, 916993, 6034857, 961979]"
100,"[986912, 939860, 1075368, 6632283, 1029743]"
101,"[1106523, 899624, 1090931, 880150, 1004906]"
103,"[1106523, 1029743, 842423, 5569471, 5592094]"
104,"[1098844, 1029743, 919534, 907631, 965766]"
105,"[1004906, 844179, 1044078, 913210, 965766]"
106,"[5569230, 1116050, 999625, 1129049, 6034857]"
107,"[5574377, 918046, 1138292, 6632283, 5569230]"
109,"[12731436, 1046756, 944836, 880150, 835098]"
110,"[1106523, 1044078, 5585510, 871756, 899624]"
111,"[1106523, 951412, 849202, 1116741, 8090521]"
112,"[9527159, 9803545, 866540, 883616, 1070820]"
113,"[1070820, 1026118, 947201, 976199, 909268]"
114,"[1029743, 5568489, 7025203, 948670, 10344585]"
115,"[12648296, 963971, 983584, 832678, 1018007]"
116,"[1019637, 1104343, 1106523, 1029743, 863447]"
117,"[8065410, 940947, 948670, 1105488, 1126899]"
118,"[1082185, 1083043, 893018, 13381584, 1091793]"
119,"[825994, 1002771, 844697, 1029743, 1112238]"
121,"[1029743, 1004906, 844179, 1044078, 865456]"
122,"[940947, 1086119, 1116635, 1118264, 844179]"
123,"[1056509, 1119761, 1070702, 12301405, 916122]"
124,"[1037840, 1106523, 1044078, 926905, 834117]"
125,"[1029743, 834117, 971922, 934399, 5585510]"
126,"[1029743, 1029743, 6632283, 5574377, 939860]"
127,"[983584, 1106523, 834117, 1029743, 865456]"
128,"[1098248, 9420337, 1029743, 1070820, 1043663]"
131,"[1075214, 6979545, 1029743, 1051323, 893018]"
132,"[999198, 854852, 993638, 1126899, 986912]"
133,"[866211, 1029743, 1051516, 1022254, 899459]"
134,"[1075368, 1097398, 1126899, 918046, 974766]"
135,"[918150, 6979545, 898121, 1075214, 829950]"
136,"[1106523, 865511, 8090521, 8090537, 1103105]"
138,"[1101706, 951412, 899624, 1070820, 986912]"
139,"[1082185, 9673830, 1134006, 968695, 1021324]"
140,"[918046, 5574377, 1138292, 1097398, 6632283]"
141,"[5574377, 974766, 986912, 1029743, 1106523]"
142,"[1082212, 997011, 990797, 5569327, 944588]"
143,"[1106523, 1037840, 1029743, 8090537, 937292]"
146,"[1126899, 1075368, 1097398, 1029743, 916990]"
151,"[916122, 1126899, 1029743, 976199, 897954]"
153,"[1006063, 897954, 9526572, 939636, 916122]"
156,"[859427, 5569230, 1075368, 1029743, 911311]"
157,"[838186, 949294, 1098844, 913210, 1070820]"
158,"[12731714, 1092303, 1128240, 904021, 871611]"
159,"[846823, 1131344, 1004906, 1106523, 983584]"
160,"[1070820, 883003, 1135834, 1101010, 833598]"
161,"[5568378, 12352054, 957063, 935527, 1051323]"
162,"[1070820, 964521, 1122358, 13115501, 6034857]"
164,"[1029743, 970605, 957736, 839605, 1106523]"
166,"[1029743, 1075368, 1101010, 944486, 1106523]"
167,"[833724, 1072693, 5569792, 962266, 914577]"
168,"[5569230, 1029743, 5574377, 916990, 1075368]"
169,"[1097398, 6632283, 1138292, 916990, 986912]"
171,"[1004906, 913210, 1044078, 1029743, 916122]"
172,"[891632, 829722, 1118046, 5569230, 915493]"
174,"[5567702, 1075368, 1126899, 8020166, 1097398]"
178,"[963686, 1056005, 13841744, 1040807, 967461]"
183,"[8090440, 5569230, 1106523, 986912, 8090537]"
184,"[896085, 848319, 9835509, 6533936, 1038663]"
185,"[838186, 1029743, 8090537, 907631, 5569230]"
187,"[8020166, 1029743, 986912, 1097398, 1029743]"
188,"[965766, 944137, 983584, 1106523, 1056509]"
190,"[1106523, 1075368, 918046, 1029743, 8020166]"
191,"[6632283, 10342101, 1082114, 1060543, 13672062]"
192,"[1029743, 5569230, 1056509, 1002850, 990797]"
193,"[1029743, 990797, 8090537, 1106523, 1082185]"
194,"[1051468, 6391381, 951412, 854852, 871756]"
195,"[1029743, 1131382, 1062128, 13008334, 1022254]"
196,"[1106523, 1082185, 893018, 5569230, 1081177]"
197,"[1126899, 963835, 9881593, 7169088, 838186]"
198,"[1106523, 1029743, 899624, 1068719, 850102]"
199,"[13842100, 1098694, 1135195, 1082212, 904537]"
200,"[823990, 5568378, 954644, 871514, 12731714]"
201,"[1138292, 1103476, 5569327, 6034857, 5567502]"
202,"[1074333, 5567702, 6632283, 5569230, 939860]"
203,"[1029743, 6424471, 854405, 1070820, 880150]"
204,"[923670, 1070820, 6034857, 970160, 6424471]"
205,"[5569230, 1082185, 1072523, 910032, 1026118]"
208,"[885290, 865456, 1070820, 879504, 8065410]"
209,"[1040807, 1132771, 896613, 899624, 1029743]"
210,"[910473, 1051323, 6034857, 999779, 871611]"
211,"[945662, 847962, 832678, 907099, 1006878]"
212,"[888054, 8090521, 1029743, 986912, 8090536]"
213,"[8020166, 974766, 1029743, 6632283, 1075368]"
214,"[1019643, 999104, 6633273, 901062, 1055425]"
215,"[985999, 1016298, 6391089, 879699, 8019977]"
216,"[6533936, 974156, 986912, 9835509, 916122]"
217,"[986912, 895930, 976199, 916122, 1018740]"
218,"[965772, 1115175, 895295, 882190, 909714]"
219,"[1127831, 1024306, 5568447, 866211, 879504]"
220,"[839419, 866211, 1004906, 899624, 1068719]"
221,"[1130452, 6424464, 6424460, 1106523, 976199]"
222,"[1105488, 999779, 866211, 916122, 985999]"
224,"[850925, 896613, 899624, 841220, 1106523]"
225,"[1029743, 1043663, 1128240, 999198, 1110244]"
226,"[5587656, 1122358, 1029743, 5569327, 1037840]"
227,"[871722, 1094562, 1011427, 840732, 890955]"
228,"[1139782, 1126899, 1134810, 917033, 1041796]"
230,"[1029743, 1004906, 1044078, 8090532, 8090509]"
232,"[1029743, 913210, 907631, 926905, 1016800]"
233,"[1122568, 1029743, 1106523, 1122255, 862535]"
235,"[976199, 983584, 1070820, 916122, 1127831]"
236,"[1014948, 1104343, 944836, 1022254, 838186]"
239,"[1135258, 1106523, 1081177, 1044078, 971922]"
240,"[1075368, 1126899, 1074333, 1097398, 977374]"
241,"[939860, 986912, 1097398, 916990, 5574377]"
242,"[1029743, 999104, 1081177, 854852, 1138487]"
243,"[6034857, 901062, 909714, 1126899, 1135044]"
244,"[834117, 8090537, 913210, 1006184, 1004906]"
245,"[12731517, 1029743, 972416, 1132771, 1106523]"
246,"[1106523, 1029743, 1054186, 1082212, 1065061]"
247,"[9419487, 901062, 8090537, 883003, 1000753]"
248,"[1029743, 883003, 5568378, 1126899, 913210]"
249,"[1068719, 1029743, 965766, 1038663, 1044078]"
250,"[1029743, 923169, 8090537, 9835509, 1110244]"
251,"[848029, 907631, 874972, 1040807, 1070820]"
252,"[1029743, 1029743, 974766, 1126899, 977374]"
253,"[1022254, 1106523, 1044078, 832678, 1051211]"
254,"[862535, 1106523, 1029743, 1126899, 1070820]"
256,"[1111786, 1082212, 1075368, 957736, 1004906]"
257,"[1106523, 1093413, 1038663, 1040807, 13003092]"
258,"[1029743, 1126899, 906917, 9526572, 1070820]"
259,"[1087605, 1062128, 1071446, 9677093, 949294]"
260,"[1070820, 964734, 1135573, 969846, 5568378]"
262,"[1040807, 1124971, 1132771, 1004906, 1008814]"
263,"[1029743, 940947, 1044078, 1081177, 844179]"
264,"[1097398, 1074333, 974766, 1106523, 939860]"
265,"[1029743, 1074333, 1138292, 8020166, 918046]"
266,"[974766, 986912, 1074333, 977374, 916990]"
267,"[901976, 929373, 1126899, 1070820, 1029743]"
268,"[5567702, 977374, 939860, 918046, 1029743]"
269,"[1139782, 1131438, 1004906, 9469110, 899624]"
270,"[1029743, 5569230, 5574377, 6632283, 1074333]"
271,"[1126899, 986912, 1129049, 1040807, 1137775]"
273,"[1106523, 865456, 1043663, 6534480, 12301109]"
274,"[5567702, 6632283, 986912, 8020166, 1074333]"
275,"[1106523, 918638, 1081262, 825703, 863447]"
276,"[944534, 12810391, 8090521, 991223, 5569471]"
278,"[965766, 951412, 1051323, 854405, 907631]"
280,"[1106523, 999270, 12731544, 1044078, 916122]"
281,"[854852, 999104, 1070820, 841220, 823775]"
282,"[1123022, 957736, 1029743, 938118, 978906]"
283,"[1108094, 1070820, 5568729, 12810393, 990797]"
284,"[5567702, 986912, 974766, 1097398, 1029743]"
285,"[1013389, 1081177, 844179, 1025611, 9296856]"
286,"[1115069, 829323, 8015407, 834117, 872137]"
287,"[1106523, 848319, 1004906, 1013928, 895166]"
288,"[1082185, 983584, 1070820, 1005456, 841309]"
289,"[1104343, 976199, 1042765, 945662, 858439]"
290,"[1029743, 1013928, 1132771, 1068719, 907631]"
291,"[911311, 1106523, 1009368, 1122358, 1004906]"
292,"[1106523, 986912, 965766, 864335, 1135468]"
294,"[1106523, 932949, 1048068, 824180, 838186]"
297,"[12648296, 907631, 1029743, 8090537, 1044078]"
300,"[1106523, 1029743, 1041796, 8090537, 899624]"
301,"[907631, 1040807, 1094924, 874972, 986912]"
302,"[10344586, 892531, 990797, 998119, 1005274]"
303,"[822225, 1040807, 8090509, 969568, 1082141]"
304,"[1106523, 1029743, 871061, 1051211, 5585510]"
305,"[885290, 8090532, 1050741, 934172, 1110244]"
306,"[8065410, 1104343, 937292, 933835, 1069003]"
307,"[1074040, 1065259, 1019637, 961979, 1114653]"
308,"[6904613, 911401, 1043787, 963835, 961620]"
311,"[1106523, 1029743, 854852, 1079987, 1121393]"
312,"[1138292, 986912, 5574377, 1029743, 1075368]"
314,"[820486, 882308, 1082185, 1053628, 849697]"
316,"[5568378, 1044078, 1122358, 1068719, 1025611]"
317,"[1029743, 983584, 1135834, 844179, 1082212]"
318,"[7025203, 1106523, 5569230, 5587656, 903602]"
321,"[1056509, 5567702, 1075214, 901062, 944836]"
322,"[872137, 1040807, 976199, 885863, 1070820]"
323,"[918046, 1126899, 1074333, 1106523, 939860]"
324,"[1087081, 1098844, 1070820, 1127831, 1062002]"
325,"[1029743, 976199, 1089025, 998008, 1037840]"
326,"[8090521, 5569230, 1106523, 8090537, 1029743]"
327,"[1029743, 5574377, 6632283, 916990, 977374]"
328,"[1070820, 885290, 1092303, 960732, 9835509]"
329,"[1127831, 944836, 854852, 1029743, 878996]"
330,"[1106523, 986912, 1029743, 5574377, 977374]"
331,"[1075368, 1106523, 5568729, 833724, 1029743]"
332,"[9245106, 1029743, 1070820, 914577, 907631]"
333,"[6632283, 5569230, 1029743, 5574377, 1106523]"
334,"[1082185, 1106523, 1029743, 986912, 1056509]"
338,"[1026118, 1029743, 1082185, 1106523, 986912]"
339,"[1106523, 1056509, 995628, 854405, 1044078]"
342,"[1029743, 1070820, 899624, 976199, 5568378]"
343,"[5569230, 848319, 8090537, 1075175, 1092588]"
345,"[899624, 1068719, 1029743, 6602697, 1104343]"
346,"[1029743, 1037863, 866211, 9245108, 1083446]"
347,"[916990, 6632283, 1074333, 1029743, 1097398]"
348,"[1068719, 1044078, 1056509, 857503, 5590613]"
349,"[844179, 1029743, 1106523, 1044078, 5569230]"
350,"[885697, 899624, 1087102, 1044078, 883003]"
351,"[1106523, 865456, 883932, 823721, 12302069]"
353,"[866211, 909714, 1134810, 839656, 944139]"
354,"[916122, 1041796, 910032, 940947, 1050851]"
356,"[1049735, 1056402, 834117, 1029743, 913210]"
357,"[1126899, 1040807, 976199, 1122358, 1121393]"
358,"[5569230, 5568489, 1106523, 1004906, 1044078]"
360,"[5568378, 9396767, 9677095, 8118500, 903183]"
361,"[1106523, 844179, 1101010, 1044078, 883932]"
362,"[1081533, 1128395, 12731714, 1126045, 919766]"
364,"[5567702, 1138292, 986912, 8020166, 5574377]"
365,"[1136719, 1062128, 1132771, 953561, 1106523]"
366,"[1029743, 5567702, 1029743, 1138292, 939860]"
367,"[823775, 1070820, 1047769, 833724, 1009368]"
369,"[939860, 1029743, 918046, 1106523, 1074333]"
371,"[880150, 957736, 919423, 866211, 1029743]"
373,"[1126899, 5569230, 939860, 1106523, 1075368]"
374,"[1029743, 8090440, 1026118, 1081177, 990797]"
375,"[1029743, 8090532, 8090537, 5569230, 1106523]"
376,"[1044078, 999270, 896862, 965766, 844179]"
377,"[1029743, 1126899, 1094924, 899624, 880150]"
378,"[904833, 13213475, 916990, 944534, 976199]"
380,"[1106523, 965766, 1098284, 1004906, 854852]"
381,"[933835, 1075368, 983584, 1029743, 993638]"
382,"[999250, 1029743, 9673970, 823862, 976788]"
383,"[916990, 939860, 1029743, 1138292, 1074333]"
384,"[1075368, 1055504, 854405, 6034577, 1126899]"
385,"[8065410, 6034857, 1087102, 951412, 933835]"
386,"[1119761, 1106523, 1029743, 899624, 1044078]"
387,"[916122, 1126899, 6602729, 1009719, 933835]"
388,"[1029743, 849274, 820612, 833151, 1004596]"
389,"[1126899, 10344585, 916993, 9835509, 8090536]"
390,"[1058243, 1072693, 5569230, 888543, 993638]"
392,"[951412, 963835, 1022254, 825994, 940947]"
393,"[1013928, 1029743, 1068719, 899624, 831628]"
394,"[1137775, 835098, 901062, 1004906, 1029743]"
395,"[906844, 1098844, 1029743, 5569230, 854852]"
396,"[879031, 1075368, 1061982, 1126899, 9677581]"
397,"[931255, 1029743, 1126899, 1043787, 1128016]"
398,"[1022097, 1029743, 5981072, 852856, 1129049]"
400,"[5567702, 1029743, 1036347, 1056509, 1037840]"
401,"[1070272, 942166, 965766, 1127758, 13115501]"
402,"[853448, 819978, 1106523, 1029743, 892573]"
404,"[1092588, 948239, 971983, 888275, 831628]"
405,"[1101010, 1087102, 899624, 916122, 948670]"
406,"[1029743, 1070820, 865456, 6391381, 872137]"
407,"[986912, 1126899, 8020166, 1029743, 974766]"
409,"[1070820, 979707, 8090513, 999858, 1098248]"
410,"[1029743, 948650, 1022254, 13002975, 901976]"
411,"[1082185, 1106523, 1029743, 896862, 1081177]"
412,"[1005274, 12428436, 901776, 883003, 986912]"
413,"[1082185, 1106523, 970160, 5568606, 986912]"
414,"[872066, 1029743, 940947, 1106523, 916122]"
415,"[864893, 1029743, 1106523, 1126899, 9526841]"
417,"[1082185, 12301109, 1029743, 1055504, 976199]"
418,"[1029743, 1135834, 9677236, 883003, 1051468]"
420,"[1097398, 1126899, 1029743, 6632283, 1106523]"
421,"[1029743, 1126899, 1070820, 1034176, 849202]"
425,"[1070820, 871756, 985889, 1044078, 1029743]"
426,"[1121393, 1011926, 945909, 1070820, 854754]"
427,"[1082185, 1029743, 1102416, 1054539, 1029252]"
429,"[986912, 939860, 5569230, 977374, 6632283]"
430,"[1070845, 1006483, 5569230, 1106523, 1029743]"
432,"[961979, 1004906, 1044078, 1029743, 844179]"
433,"[1082185, 1106523, 896613, 1033142, 1053530]"
434,"[1068292, 919534, 895166, 1046587, 934639]"
435,"[8090537, 1029743, 1106523, 933835, 899624]"
437,"[1106523, 913210, 948670, 844697, 1101010]"
438,"[951197, 899624, 8065410, 6034857, 9881593]"
441,"[1038985, 6533681, 12810393, 1124971, 1001412]"
442,"[1126899, 854852, 976199, 863447, 1105488]"
443,"[899624, 9396705, 1056509, 1106523, 1070820]"
446,"[1029743, 974766, 1029743, 5567702, 1074333]"
447,"[1075368, 1029743, 998119, 5569327, 1041796]"
449,"[1029743, 920109, 995876, 907625, 854852]"
450,"[933835, 8015407, 1105488, 863762, 998206]"
451,"[934639, 1068292, 1070820, 925862, 1105488]"
454,"[1068719, 1029743, 1044078, 899624, 5585510]"
457,"[1029743, 911311, 1106523, 1065259, 13003094]"
458,"[828588, 12810391, 5569230, 948670, 993638]"
459,"[863762, 885290, 1022801, 1065061, 986912]"
460,"[885939, 1106523, 956672, 1098844, 963835]"
461,"[1050851, 1004906, 918684, 897954, 1029743]"
462,"[999858, 1137775, 854852, 1029743, 1041796]"
463,"[1082185, 12810393, 1055504, 901062, 1106523]"
464,"[1029743, 1056509, 993638, 883003, 923670]"
466,"[1025611, 1044078, 1106523, 5569230, 1070820]"
467,"[1106523, 913210, 865456, 1068719, 963971]"
468,"[1098284, 1082185, 883202, 9676866, 1106523]"
469,"[901062, 1098248, 6548453, 951412, 849202]"
470,"[908314, 1119784, 986596, 1032819, 930385]"
471,"[1138292, 1075368, 5569230, 974766, 1106523]"
474,"[1088683, 1068719, 823990, 9835903, 844179]"
477,"[977374, 1075368, 1097398, 1126899, 1029743]"
478,"[1029743, 986912, 5567702, 8020166, 1138292]"
479,"[910032, 1106523, 834117, 907631, 6979545]"
480,"[1047769, 1070820, 5569374, 854754, 857503]"
482,"[1029743, 1138292, 5569230, 986912, 916990]"
483,"[1106523, 983584, 1068719, 5569230, 8090537]"
484,"[946839, 1044759, 1050851, 1090884, 839656]"
485,"[1029743, 7168431, 972665, 7166861, 1083787]"
487,"[1126899, 5569230, 854852, 986912, 1029743]"
489,"[986912, 1019247, 916993, 1138443, 1087102]"
491,"[1055504, 1056509, 6533936, 1006184, 976199]"
493,"[1029743, 936355, 1036347, 8090539, 839656]"
495,"[1029743, 12810391, 913210, 1106523, 899624]"
497,"[978343, 1098844, 1037332, 12171656, 906844]"
502,"[12301109, 1029743, 1132771, 1044078, 12302069]"
503,"[1070820, 1127716, 1119405, 971983, 1072693]"
505,"[962991, 1029743, 1106523, 1126899, 6395907]"
506,"[1027168, 1062128, 1136719, 1075214, 1063577]"
507,"[1014948, 1037332, 855488, 914577, 919766]"
508,"[5569230, 5574377, 5567702, 1074333, 974766]"
510,"[929018, 1131115, 1070820, 1055425, 963868]"
511,"[1116635, 1029743, 1044078, 12301100, 895166]"
513,"[865026, 1093413, 1018740, 1132771, 1034176]"
514,"[923169, 909714, 866211, 1105488, 1127831]"
515,"[1070702, 999714, 1106523, 8177622, 1044078]"
516,"[5569230, 1074333, 6632283, 974766, 986912]"
517,"[1126899, 1006342, 1060408, 837270, 933835]"
518,"[1031087, 1137775, 952408, 844179, 1038985]"
520,"[1104343, 913210, 8090537, 1106523, 1082185]"
521,"[1056212, 1126899, 1026118, 1106523, 989824]"
523,"[898121, 897088, 884686, 9803601, 968072]"
524,"[1106523, 1098844, 1082185, 823990, 961979]"
525,"[971983, 1104343, 1127831, 12171656, 1014948]"
526,"[913210, 834117, 5569230, 12301100, 1029743]"
527,"[12988031, 6514259, 1046584, 933835, 1131321]"
531,"[5574377, 6632283, 1029743, 1075368, 939860]"
533,"[1106523, 1029743, 5569230, 6632283, 1029743]"
534,"[1124695, 1117569, 971896, 12384564, 1117707]"
537,"[1116635, 1128163, 1126899, 930666, 9677236]"
538,"[906838, 1098844, 1109948, 909714, 9296919]"
539,"[878715, 916122, 1126899, 8014645, 1006184]"
540,"[916122, 1000237, 951412, 1068719, 1047769]"
542,"[1106523, 8090537, 824796, 1050851, 1068719]"
543,"[820486, 822517, 879734, 989409, 1134296]"
544,"[1098844, 1126899, 1006184, 1003649, 835973]"
545,"[1040807, 1098844, 1006063, 1089986, 12946027]"
547,"[1106523, 5574377, 1074333, 916990, 1097398]"
548,"[1098435, 1101706, 885406, 862799, 911311]"
550,"[1138292, 916990, 1029743, 1097398, 1075368]"
552,"[8020166, 1029743, 1126899, 916990, 6632283]"
553,"[1029743, 1040807, 1135834, 1087102, 849202]"
554,"[1106523, 824180, 1070272, 946839, 8090537]"
556,"[977374, 1126899, 939860, 6632283, 1138292]"
557,"[857503, 1126899, 847186, 8090513, 1063707]"
558,"[1106523, 893018, 933067, 844179, 1056005]"
560,"[978343, 1029743, 957063, 999104, 863885]"
562,"[965842, 1115069, 852856, 854405, 957951]"
563,"[1074333, 1097398, 8020166, 918046, 6632283]"
564,"[985889, 882489, 1129049, 1134810, 883940]"
566,"[1029743, 918046, 1029743, 974766, 1126899]"
567,"[844179, 1044078, 986912, 1106523, 1070702]"
568,"[1106523, 1104649, 5585510, 1051323, 890695]"
569,"[6391080, 981677, 12428017, 1029743, 1097280]"
570,"[986912, 1029743, 1074333, 977374, 1106523]"
574,"[891505, 1029743, 1024032, 1083446, 989069]"
575,"[953561, 5569230, 1000237, 12648296, 1004906]"
576,"[939860, 8020166, 1097398, 5574377, 1074333]"
577,"[1056509, 999104, 1110244, 940947, 1070820]"
578,"[854405, 8090521, 847207, 1006483, 6533608]"
579,"[6034577, 5569230, 6533880, 1029743, 5569397]"
580,"[1118946, 1041796, 1056509, 12731544, 940947]"
581,"[983584, 1126899, 1029743, 1070820, 976199]"
582,"[1021324, 1029743, 1034955, 8090546, 865456]"
583,"[12302069, 8090521, 5569230, 899624, 1075368]"
586,"[1029743, 906335, 1004906, 859154, 1042438]"
587,"[1106523, 1029743, 1126899, 875027, 1006835]"
588,"[1106523, 1043494, 907631, 1042438, 1138443]"
590,"[1081177, 1075175, 916122, 1106523, 986912]"
591,"[933067, 9245106, 1050851, 854852, 1106523]"
593,"[1104027, 853998, 984575, 846760, 1106523]"
594,"[1106523, 865456, 8090537, 8090521, 850102]"
595,"[1106523, 1029743, 1004906, 8090556, 865456]"
596,"[1068719, 1106523, 1025581, 8090521, 8090537]"
598,"[9553382, 1106523, 1105917, 1050741, 9553048]"
600,"[1029743, 1046587, 863447, 1021324, 1070702]"
602,"[1029743, 1021116, 833940, 882308, 995916]"
603,"[1106523, 1029743, 5585510, 844179, 899624]"
604,"[6979545, 914577, 944836, 1070820, 883932]"
605,"[13133916, 965772, 9296856, 1126899, 1106523]"
606,"[1029743, 1026118, 970160, 5568721, 1113274]"
608,"[1106523, 1138487, 863762, 910673, 941856]"
609,"[1038985, 8090537, 1106523, 1104349, 958647]"
610,"[986912, 8020166, 1097398, 1029743, 1138292]"
611,"[1029743, 7409663, 940090, 12648296, 844179]"
612,"[1103476, 1029743, 839656, 1082454, 1138292]"
613,"[916990, 1138292, 1097398, 1074333, 5567702]"
614,"[965766, 1029743, 952408, 982955, 1067695]"
615,"[1106523, 1029743, 13008334, 1126899, 5570069]"
617,"[1126899, 951412, 1070820, 885290, 1081177]"
618,"[1070820, 1037840, 1106523, 1101010, 899624]"
621,"[1112825, 7024871, 1137775, 844179, 7024927]"
622,"[1106523, 1038663, 986912, 1034176, 1068719]"
623,"[1029743, 899624, 1044078, 933835, 1101010]"
624,"[916122, 1044078, 5592931, 899624, 12302069]"
630,"[6443350, 1106271, 880895, 6464147, 1138631]"
631,"[841309, 852856, 6464147, 999270, 837270]"
632,"[1029743, 1082185, 1070820, 8090537, 844179]"
633,"[833940, 1075368, 1029743, 1102416, 999625]"
636,"[1029743, 5981074, 1022254, 1106523, 5590613]"
637,"[926905, 1106523, 1103105, 1043494, 1035676]"
638,"[1029743, 844179, 7139529, 919534, 12731714]"
640,"[1097398, 5569230, 6632283, 1029743, 5574377]"
641,"[1070820, 1104349, 1126899, 999858, 857503]"
643,"[6534035, 1088683, 6424472, 8290421, 956599]"
644,"[1005274, 1027168, 834117, 948670, 1098435]"
647,"[1040807, 8090521, 1029743, 8090536, 933835]"
648,"[899624, 1026118, 854852, 839419, 5578547]"
650,"[1126899, 5569230, 1029743, 1075368, 986912]"
652,"[1051211, 832678, 1065061, 830503, 890610]"
653,"[1037840, 854852, 1056509, 1132771, 1081177]"
654,"[864893, 1040807, 1138443, 1034176, 944137]"
655,"[1044078, 985999, 1068719, 880150, 916122]"
658,"[1029743, 1027168, 986912, 1087102, 869047]"
659,"[844179, 986727, 926544, 5565784, 865026]"
660,"[1126899, 1067749, 904236, 1043787, 916122]"
661,"[904359, 1004596, 5569230, 986912, 1014948]"
662,"[1070272, 913210, 1029743, 5569230, 983584]"
663,"[1082185, 1106523, 967461, 1013928, 5569230]"
665,"[847529, 1029743, 1088771, 1106091, 1038985]"
666,"[972235, 1106523, 844179, 1001827, 967461]"
667,"[1022254, 12946027, 1104343, 1127758, 1004906]"
668,"[1126899, 985889, 1037332, 992986, 1050741]"
669,"[1082185, 1126899, 880427, 971922, 5568729]"
670,"[1029743, 1128016, 899115, 857503, 971922]"
671,"[1029743, 1056509, 1074754, 1097001, 1134810]"
672,"[983584, 8090546, 830245, 891516, 899624]"
673,"[1082185, 1029743, 1106523, 1043730, 1128244]"
674,"[865456, 1122358, 956486, 936914, 1029743]"
675,"[940023, 910673, 1106523, 1139142, 869047]"
676,"[899624, 1044078, 972665, 1106523, 1070702]"
680,"[8090513, 832442, 854852, 1050482, 12301109]"
681,"[856252, 850102, 890695, 8019916, 967461]"
684,"[1106523, 965766, 9419487, 844179, 929018]"
685,"[1015539, 1097398, 6534077, 880150, 6534578]"
687,"[1029743, 1106523, 5569230, 965766, 866211]"
690,"[1037840, 1044078, 1088771, 1029743, 1106523]"
691,"[5569230, 977374, 916990, 8020166, 1097398]"
692,"[1019643, 1004436, 1104343, 972416, 9836526]"
693,"[1044188, 1104349, 1029743, 1070820, 1122358]"
694,"[1037840, 8090537, 883932, 1029743, 1106523]"
695,"[1029743, 1115175, 899624, 933835, 995965]"
696,"[1126899, 983584, 841220, 1101010, 933835]"
697,"[944137, 1104343, 944836, 901062, 1106271]"
698,"[1106523, 1026118, 8090537, 1044078, 858439]"
699,"[1029743, 899624, 1043751, 936355, 852856]"
700,"[1037840, 1029743, 854852, 937292, 1106523]"
701,"[5569230, 913026, 5585510, 5569374, 835098]"
702,"[1029743, 865456, 899624, 844179, 916122]"
703,"[9884484, 5569230, 1043751, 901776, 1041796]"
705,"[1029743, 1126899, 1106523, 1081177, 1115069]"
706,"[1070820, 835098, 933835, 1029743, 971922]"
707,"[1029743, 965766, 999858, 5569471, 1044078]"
708,"[1029743, 12949855, 833724, 1042021, 948832]"
709,"[1075368, 5585510, 1106523, 12810393, 1029743]"
710,"[922636, 1106523, 13381584, 1037417, 1021116]"
711,"[1037840, 12487816, 1068719, 1026946, 872146]"
712,"[1006184, 1056509, 1070820, 823775, 1004906]"
713,"[5569230, 957938, 1029743, 9803545, 12487372]"
714,"[1082185, 899624, 1126899, 844179, 944534]"
715,"[885863, 1106523, 1040807, 1087102, 1042907]"
716,"[1126899, 916122, 1041796, 948650, 990797]"
717,"[1106523, 995916, 1096905, 1087102, 854716]"
718,"[916122, 899624, 6034857, 5585510, 844179]"
719,"[1040807, 895930, 933835, 1106523, 1041796]"
720,"[1115069, 1056212, 909744, 863447, 1055504]"
721,"[1126899, 6632283, 1041032, 1111080, 1014948]"
722,"[1106523, 916122, 857503, 1126899, 979707]"
723,"[999104, 909268, 1098844, 1070820, 995965]"
725,"[893018, 957063, 1106523, 899624, 1046584]"
726,"[1022254, 1065167, 1101706, 1051323, 833724]"
727,"[5568729, 897954, 5568721, 1106523, 5568378]"
728,"[1029743, 844179, 899624, 976199, 916122]"
729,"[1029743, 1075368, 844179, 986912, 1126899]"
730,"[1126899, 8293447, 954347, 1044487, 908287]"
731,"[1029743, 1070820, 933835, 916990, 6424471]"
733,"[870390, 1102250, 5566472, 7443137, 1036939]"
734,"[970160, 1029743, 6391381, 1055504, 1098248]"
735,"[1082185, 1072523, 1106523, 13841744, 1041032]"
736,"[918684, 1029743, 899624, 955921, 1106271]"
740,"[956672, 866211, 1022254, 944534, 916122]"
741,"[916122, 976199, 999858, 823721, 848029]"
742,"[965766, 1106523, 1004906, 1081177, 1037840]"
743,"[1106523, 1070820, 1022254, 1044188, 1122358]"
744,"[1051323, 1056509, 6034857, 5569230, 899624]"
745,"[8069350, 1070272, 854852, 1109014, 854754]"
747,"[8090509, 8090537, 9836106, 1110244, 1037332]"
748,"[974766, 1126899, 986912, 1029743, 977374]"
749,"[939860, 6632283, 8020166, 5569230, 918046]"
750,"[919534, 866211, 1029743, 993436, 1106523]"
752,"[986912, 1106523, 1004906, 1027168, 1075368]"
753,"[1029743, 872137, 1026118, 1009187, 847207]"
754,"[841584, 1016785, 1005274, 1126899, 1036347]"
755,"[1137775, 933835, 971922, 899624, 1109014]"
757,"[1034176, 5568729, 9884698, 6463742, 5569230]"
759,"[1043084, 1102929, 906844, 1131374, 9419487]"
761,"[1068719, 1029743, 1106523, 976199, 909714]"
762,"[986912, 5569471, 844179, 1070820, 866211]"
764,"[1029743, 878996, 1106523, 933067, 1105488]"
766,"[916990, 901062, 848319, 1026118, 863447]"
767,"[1042571, 1072523, 1130858, 8090440, 1070820]"
768,"[834117, 1029743, 9526572, 913210, 922636]"
769,"[1106523, 999858, 1029743, 1126899, 1132771]"
770,"[1029743, 899624, 1075368, 986912, 1092937]"
771,"[6034857, 933835, 9419525, 995965, 5568729]"
773,"[835973, 847374, 1092588, 908064, 1014948]"
776,"[907631, 1029743, 851188, 895166, 916122]"
777,"[6533608, 1046816, 1028891, 1132771, 923670]"
779,"[1075368, 848319, 976199, 972665, 8090537]"
781,"[854405, 871061, 12946027, 1046816, 910673]"
784,"[5569230, 1139782, 1068719, 999858, 1102250]"
786,"[1106523, 972665, 5569230, 1065538, 878715]"
787,"[1079528, 999104, 857538, 823775, 1113274]"
788,"[1044078, 899624, 1029743, 983584, 1025611]"
789,"[976199, 1029743, 1110779, 1106523, 1081177]"
790,"[7410320, 7409944, 9297310, 9297032, 9297055]"
793,"[947201, 8090545, 1029743, 872137, 1106523]"
794,"[857503, 1051211, 1126899, 994223, 916993]"
795,"[1106523, 986912, 8020166, 1029743, 5574377]"
796,"[969866, 1106523, 1029743, 901062, 1070820]"
798,"[13841744, 6463742, 9655679, 1126899, 6534030]"
799,"[1126899, 901062, 940947, 916122, 854852]"
800,"[9677236, 9835509, 911974, 995965, 860703]"
801,"[976199, 1082185, 9245106, 1029743, 872137]"
802,"[983584, 1041796, 839656, 1118946, 899624]"
803,"[1104649, 1106523, 969866, 884089, 965766]"
804,"[957063, 1013928, 1029743, 1122568, 849870]"
805,"[949023, 899624, 870547, 979707, 1029743]"
806,"[1082185, 7024871, 5590613, 5569471, 839419]"
807,"[1029743, 6034857, 965530, 1126899, 8090653]"
808,"[1029743, 1068719, 1008814, 1004906, 1082212]"
810,"[5569230, 1029743, 918046, 5574377, 986912]"
811,"[1029743, 901062, 916122, 834117, 893018]"
813,"[883932, 951412, 896862, 1050851, 6034857]"
814,"[907631, 832492, 952408, 1041796, 1044078]"
816,"[1054539, 1075368, 901062, 1029743, 1055504]"
817,"[1070820, 1060408, 1060673, 8090440, 866211]"
818,"[1029743, 904833, 7168431, 839419, 1004906]"
820,"[8090509, 1037840, 12648296, 1070820, 1030093]"
822,"[1138292, 1029743, 939860, 918046, 1029743]"
823,"[1106523, 947798, 835578, 899624, 956599]"
824,"[1086061, 1106523, 1038745, 982393, 1016800]"
825,"[854852, 1132771, 913210, 1126899, 971922]"
826,"[961620, 12384431, 986869, 1073546, 1029743]"
829,"[960791, 1137775, 933835, 1018740, 927325]"
830,"[5574377, 8020166, 1029743, 974766, 1074333]"
831,"[957736, 1069003, 890695, 856252, 916122]"
836,"[851287, 1126899, 947798, 9884698, 8357825]"
837,"[1029743, 977374, 974766, 916990, 5574377]"
840,"[1029743, 965766, 1090884, 1060408, 1000237]"
841,"[916122, 863447, 1044078, 1128240, 1106523]"
842,"[1029743, 916122, 861279, 9245108, 899624]"
844,"[5566472, 1127831, 923670, 1003616, 9835509]"
845,"[8090533, 8090537, 906838, 897954, 825994]"
846,"[890695, 829291, 907631, 1134810, 8090513]"
847,"[1005274, 1001827, 1121694, 1062128, 963835]"
848,"[1029743, 1097398, 974766, 939860, 1075368]"
850,"[823990, 1106523, 6533362, 1051323, 834117]"
852,"[1126899, 1070820, 1106523, 1004906, 848319]"
853,"[9859017, 871722, 6602729, 951412, 970202]"
854,"[899624, 959172, 5569327, 945998, 7160764]"
855,"[1029743, 963868, 916993, 1083446, 1112238]"
856,"[1029743, 1127758, 1068719, 9419487, 1022254]"
857,"[922561, 1071342, 9803545, 1051211, 1040807]"
858,"[1116050, 988791, 849297, 1070820, 9546982]"
859,"[1075368, 5569230, 832678, 883932, 1132771]"
861,"[5569230, 5567702, 1029743, 1138292, 1126899]"
862,"[999270, 901062, 1029743, 960732, 880150]"
863,"[5569135, 863447, 916122, 1119761, 917816]"
864,"[1101010, 1029743, 1004906, 8090521, 899624]"
865,"[1106523, 899624, 1075368, 882308, 9526410]"
866,"[1106523, 854405, 983584, 1044078, 5585510]"
867,"[983584, 1075368, 825365, 1055504, 866211]"
868,"[9884484, 834117, 912704, 1022097, 1029743]"
869,"[5592931, 8019216, 1008032, 880150, 898466]"
871,"[913210, 1105488, 1029743, 1104343, 5563693]"
875,"[1126899, 899624, 1121393, 835296, 1049634]"
876,"[1003649, 1123106, 839419, 916122, 885863]"
877,"[871061, 1126899, 10456152, 1070820, 9677366]"
878,"[947798, 1106523, 846823, 838186, 1131344]"
879,"[880150, 916122, 862682, 835530, 844179]"
880,"[1029743, 1117824, 1106271, 5567388, 920426]"
881,"[918046, 1029743, 1029743, 986912, 977374]"
882,"[1106523, 1044078, 945611, 1137775, 957063]"
883,"[1022254, 9524291, 9420181, 857503, 961979]"
884,"[1138292, 1075368, 916990, 1097398, 6632283]"
885,"[5587656, 1082185, 1006483, 854405, 1106523]"
886,"[1070820, 1029743, 1126899, 916122, 849274]"
887,"[5585510, 844179, 1127758, 5569230, 1005274]"
888,"[12648296, 1029743, 933835, 916122, 6034857]"
889,"[880427, 1083446, 1126899, 833724, 8090532]"
891,"[866211, 854405, 995965, 1106523, 983584]"
893,"[895295, 1106523, 1106116, 843111, 1042544]"
894,"[1106523, 1029743, 854852, 9392700, 1127831]"
895,"[9829205, 868888, 866211, 5995603, 9881592]"
897,"[1079528, 928263, 1029743, 1070820, 963194]"
898,"[909268, 1026118, 892314, 1127831, 848319]"
900,"[986912, 1068719, 885863, 979707, 976199]"
903,"[1097398, 918046, 1074333, 1075368, 916990]"
904,"[1106523, 836445, 9836693, 914188, 844462]"
906,"[1082185, 911974, 1137507, 1048237, 860703]"
907,"[986912, 985999, 961979, 896613, 1092588]"
908,"[916122, 1104343, 899624, 1029743, 971922]"
909,"[1029743, 899624, 9935616, 976199, 1044078]"
911,"[901062, 1024306, 979707, 5563693, 1055425]"
913,"[1070820, 994223, 834117, 1029743, 5569230]"
914,"[823721, 12302069, 1029743, 898121, 981660]"
915,"[1068719, 880150, 1128163, 1116635, 887325]"
916,"[824193, 1075368, 1029743, 1006483, 1126899]"
919,"[1029743, 1106523, 947798, 992622, 10457518]"
920,"[1097001, 1106523, 999779, 1082185, 9884698]"
922,"[1130581, 1132198, 847207, 1126899, 1003649]"
924,"[1029743, 1013597, 1122568, 919766, 1098694]"
926,"[1138443, 1134633, 1101706, 1131321, 6464166]"
927,"[12171656, 1126899, 976199, 1067749, 940947]"
928,"[1029743, 1092303, 1026118, 949294, 835098]"
929,"[1070820, 871188, 1044078, 1134810, 986912]"
930,"[977374, 939860, 1097398, 974766, 986912]"
931,"[1029743, 913210, 1040807, 7462562, 1126899]"
934,"[899624, 1068719, 1106523, 1135258, 1004906]"
935,"[5569230, 939860, 1029743, 918046, 916990]"
936,"[899624, 1029743, 983584, 1106523, 1068719]"
937,"[1126899, 1134810, 6034857, 995965, 1021116]"
939,"[13841744, 1106523, 6464086, 896085, 1103105]"
940,"[10456164, 961620, 1037840, 9803545, 1030093]"
941,"[6464166, 9677236, 12352054, 936355, 1103105]"
942,"[1015539, 946995, 1029743, 6534480, 1098284]"
943,"[5592931, 940090, 1035207, 1106523, 10198378]"
944,"[1101010, 1127831, 1132771, 866211, 1004906]"
946,"[866211, 832678, 944534, 825994, 1004906]"
947,"[883003, 1134296, 1041796, 12946027, 1044078]"
949,"[1029743, 829001, 8090521, 8090537, 899624]"
951,"[1029743, 1106523, 1126899, 1070820, 5567876]"
952,"[856215, 1122358, 1075368, 1029743, 8090521]"
953,"[1029743, 999104, 965842, 846417, 9419525]"
954,"[1106523, 1029743, 1126899, 899624, 916122]"
955,"[1106523, 1044078, 866211, 941856, 5568378]"
956,"[1070820, 986912, 944534, 1022254, 1130375]"
957,"[1032703, 1116589, 943522, 986912, 1075368]"
959,"[1029272, 1047076, 10455984, 1106523, 1102416]"
960,"[1030406, 6979437, 886395, 1126899, 1070820]"
961,"[1082185, 956672, 916122, 1070820, 1078652]"
964,"[1044188, 1106523, 1029743, 1098844, 967461]"
965,"[944534, 871756, 12301100, 999779, 6904613]"
967,"[1029743, 1074333, 939860, 1075368, 1138292]"
968,"[1029743, 983584, 5569327, 916122, 1044078]"
969,"[1097398, 5569230, 1029743, 977374, 1138292]"
971,"[1075368, 919535, 866211, 1106523, 1070820]"
972,"[6632283, 13008334, 1001168, 1136719, 5590765]"
973,"[12731436, 921406, 866211, 1105488, 878996]"
974,"[918046, 1029743, 6632283, 916990, 1074333]"
975,"[5569471, 5569327, 995965, 13381584, 868888]"
976,"[1082185, 1127831, 933835, 971922, 866211]"
978,"[1106523, 1070820, 871756, 916122, 7025094]"
979,"[1082185, 1029743, 904236, 899624, 1070702]"
981,"[1029743, 1007210, 5569230, 1082212, 866211]"
982,"[1072523, 1029743, 910032, 960732, 5563693]"
983,"[834117, 1075368, 1029743, 913210, 5568378]"
984,"[1106523, 901062, 886991, 944836, 1116741]"
985,"[1029743, 1040807, 5568729, 5574377, 971922]"
986,"[1116635, 8090440, 1029743, 1122568, 5569230]"
987,"[986912, 1126899, 918684, 1026118, 1070820]"
988,"[1070820, 1044188, 1102067, 1106523, 829722]"
989,"[899624, 1029743, 986912, 916122, 8090509]"
991,"[939860, 1029743, 1074333, 1106523, 1029743]"
992,"[5567319, 9297564, 896074, 1008096, 988697]"
993,"[971922, 993638, 8293439, 1040807, 986912]"
996,"[1081177, 9296919, 1040807, 1043751, 1058709]"
997,"[916990, 1075368, 1029743, 8020166, 1138292]"
998,"[1044078, 899624, 1037840, 823704, 1000753]"
999,"[1029743, 6704207, 983584, 5981267, 907631]"
1000,"[986912, 12427353, 854852, 957232, 1131438]"
1001,"[997987, 12301109, 1135834, 893018, 1051211]"
1003,"[1029743, 1075368, 974766, 1029743, 1106523]"
1004,"[961620, 995628, 1029743, 849202, 964521]"
1005,"[1119761, 937292, 12731714, 1044078, 12301100]"
1007,"[1029743, 983584, 1098844, 899624, 1004906]"
1008,"[910473, 1029743, 1106523, 1115971, 1070820]"
1010,"[953539, 9527323, 1076954, 1036093, 971922]"
1011,"[944836, 916122, 1029743, 1126899, 1070820]"
1012,"[986912, 977374, 1029743, 5574377, 1138292]"
1014,"[948670, 976199, 844179, 1029743, 866211]"
1015,"[1037332, 6773232, 1060673, 1056509, 9652066]"
1018,"[936355, 1070820, 1018740, 1075368, 1034176]"
1019,"[1106523, 863447, 1068292, 1029743, 965766]"
1020,"[1070820, 833724, 10344585, 1122358, 965766]"
1021,"[1029743, 830202, 1122358, 854852, 852856]"
1023,"[919423, 8019681, 963835, 1105488, 936830]"
1024,"[1106523, 940947, 1040807, 1070702, 5582712]"
1025,"[5568378, 1044078, 8090521, 983584, 865456]"
1027,"[899624, 862799, 1132771, 914318, 1097635]"
1029,"[1126899, 1132771, 1098248, 885290, 891961]"
1030,"[1029743, 1106523, 916990, 1126899, 1074333]"
1034,"[1126899, 1138292, 1074333, 5567702, 974766]"
1038,"[6632283, 1029743, 1074333, 916990, 5574377]"
1039,"[1029743, 5569230, 910032, 831063, 972665]"
1040,"[1075368, 999090, 1126899, 5981072, 849202]"
1041,"[1106523, 957063, 5585510, 965693, 948832]"
1042,"[916122, 856252, 1044078, 951412, 985999]"
1043,"[1029743, 1029743, 5574377, 1138292, 8020166]"
1045,"[1043663, 1029743, 834117, 1101010, 931255]"
1046,"[1126899, 1135552, 1071342, 823862, 964521]"
1047,"[899624, 1029743, 1044078, 1004906, 1106091]"
1050,"[880150, 899624, 863447, 965766, 1106523]"
1051,"[1029743, 933835, 906631, 1004906, 1106523]"
1053,"[971922, 835279, 1137775, 866211, 1132771]"
1057,"[1079528, 916990, 899257, 892531, 1117219]"
1058,"[883003, 1129049, 1126899, 918046, 901976]"
1060,"[1040807, 944836, 999714, 5569230, 933835]"
1061,"[1106523, 1038663, 1127758, 12946027, 832678]"
1062,"[844179, 1056509, 916122, 901776, 1004906]"
1064,"[8090521, 5568378, 985699, 5568729, 965766]"
1066,"[944534, 854405, 835098, 885290, 924352]"
1067,"[1075368, 1126899, 1029743, 8090532, 1082185]"
1068,"[999779, 1025611, 8090537, 1106523, 1070820]"
1069,"[999858, 989069, 904129, 1029743, 865456]"
1070,"[1029743, 1138443, 854852, 899624, 965766]"
1071,"[1029743, 1124695, 856252, 1021116, 5569230]"
1073,"[1013597, 965766, 923789, 5569230, 916122]"
1074,"[1029743, 6514160, 1027168, 1013167, 830503]"
1075,"[910673, 1029743, 10149640, 1002850, 1106523]"
1076,"[865456, 1075368, 999714, 1089954, 990797]"
1077,"[1045659, 891632, 937292, 893018, 835098]"
1078,"[1126899, 1082185, 1026118, 1106523, 1098844]"
1080,"[1068719, 899624, 8090537, 999858, 1106523]"
1081,"[899624, 1106523, 1068719, 908318, 1056509]"
1082,"[1106523, 910473, 863447, 1051626, 947798]"
1083,"[908843, 864335, 1029743, 9707498, 1106523]"
1084,"[6704207, 844179, 1122358, 879008, 907625]"
1085,"[944139, 908318, 1029743, 1070702, 874972]"
1086,"[844179, 865456, 854852, 1008074, 883003]"
1087,"[977374, 5569230, 1029743, 5567702, 6632283]"
1088,"[997011, 1045478, 1077600, 1106523, 893729]"
1089,"[947798, 1029743, 1108168, 5568721, 1138292]"
1090,"[1126899, 1029743, 1138292, 1075368, 5567702]"
1091,"[12302069, 1029743, 1139142, 1051211, 1021324]"
1092,"[1128016, 13841744, 847374, 912451, 1101980]"
1093,"[1029743, 1106523, 1082185, 1037332, 983584]"
1094,"[1029743, 8090509, 933835, 831628, 1051323]"
1096,"[1106523, 1022254, 1026118, 6773232, 1097661]"
1097,"[8090440, 838186, 982469, 1106523, 1026118]"
1098,"[5585510, 8205418, 983584, 10341855, 912451]"
1100,"[1126899, 1106523, 1029743, 12808385, 955716]"
1102,"[1086483, 866211, 865456, 1029743, 986912]"
1103,"[1126899, 1051211, 8090440, 862535, 1029743]"
1104,"[1040812, 1065979, 901460, 5571261, 986912]"
1105,"[1075368, 1029743, 8020166, 977374, 939860]"
1106,"[12757316, 875108, 888054, 1114374, 841236]"
1108,"[1029743, 1029743, 974766, 1074333, 1126899]"
1109,"[1109014, 1070820, 6034857, 857503, 1046816]"
1110,"[1775642, 1070820, 916122, 948650, 6534035]"
1111,"[1106523, 1082185, 854852, 1004906, 5569230]"
1112,"[1082185, 1089025, 1134810, 1075368, 12428017]"
1113,"[1126899, 916122, 1004906, 833724, 1056509]"
1114,"[1029743, 1060673, 841762, 1043663, 1044188]"
1115,"[5569230, 986912, 1029743, 939860, 1126899]"
1117,"[1106523, 866548, 993638, 1072693, 849697]"
1119,"[940947, 1040807, 1044078, 901062, 933835]"
1120,"[8020166, 1126899, 1074333, 916990, 1106523]"
1121,"[1029743, 966684, 6979545, 1092937, 5569230]"
1123,"[1126899, 1041796, 5585510, 1050741, 1054402]"
1124,"[5574377, 1074333, 1029743, 1126899, 974766]"
1127,"[1029743, 13841744, 916993, 8090521, 823721]"
1128,"[5592931, 1044188, 999198, 1106523, 1070820]"
1129,"[1126899, 909714, 1029743, 1070820, 1037332]"
1130,"[1093413, 1044078, 1137775, 1106523, 899624]"
1131,"[1029743, 1075368, 1055504, 1043920, 950206]"
1132,"[5567702, 1126899, 1097398, 1029743, 986912]"
1133,"[1098844, 1112205, 1029743, 1106523, 933835]"
1134,"[1070820, 5585510, 948670, 1051323, 1106523]"
1135,"[1029743, 893018, 972235, 1044078, 1001827]"
1136,"[907631, 999779, 1029743, 1004906, 865456]"
1137,"[935527, 924667, 914318, 885290, 12301405]"
1138,"[1015539, 5568721, 957951, 1106523, 1097398]"
1139,"[1074333, 5567702, 1029743, 1097398, 1126899]"
1141,"[910673, 1029743, 13841744, 9245108, 1075979]"
1142,"[1067695, 1108094, 878715, 916122, 995965]"
1145,"[986912, 12648296, 1094308, 1106523, 944139]"
1146,"[1029743, 1106523, 854852, 889509, 1131344]"
1147,"[883932, 6034857, 1106523, 1068719, 829001]"
1149,"[1026118, 1029743, 1106523, 1070820, 1041796]"
1151,"[1122358, 1136524, 6602697, 1106523, 5572738]"
1152,"[1110111, 5569471, 1029743, 5585510, 850102]"
1154,"[1000148, 1106523, 835296, 971983, 1089025]"
1155,"[899624, 865456, 1037840, 1044078, 880150]"
1157,"[1070820, 1089025, 1041796, 965766, 901062]"
1158,"[1124695, 8090521, 1106523, 944534, 1044078]"
1159,"[1082185, 8090532, 1050741, 6391080, 1068719]"
1160,"[1068719, 12301100, 1106523, 1044078, 871756]"
1161,"[6632283, 1029743, 1029743, 1097398, 916990]"
1163,"[1029743, 919534, 1044078, 986912, 1056509]"
1164,"[1070820, 901062, 1080853, 1055504, 1119405]"
1166,"[1029743, 1060408, 1075214, 899624, 5981074]"
1167,"[1070820, 1082185, 1062002, 866211, 8019977]"
1168,"[836262, 1019637, 1055044, 983584, 1106523]"
1169,"[883003, 899624, 1038663, 12946027, 1138443]"
1171,"[916990, 986912, 6632283, 8020166, 1074333]"
1172,"[963686, 1122358, 1029743, 1106523, 1102416]"
1174,"[1106523, 976199, 1068719, 12731714, 986912]"
1175,"[963365, 1056005, 962266, 907099, 968759]"
1176,"[1029743, 1075368, 8020166, 1138292, 6632283]"
1178,"[6464165, 863447, 1104343, 1004906, 916122]"
1179,"[1056509, 1132771, 1116050, 933835, 1101010]"
1180,"[1029743, 1104649, 965766, 865456, 1122358]"
1182,"[899624, 880150, 1106523, 1029743, 916122]"
1183,"[1029743, 5574377, 916990, 1126899, 1106523]"
1185,"[1106523, 1059902, 930666, 1121360, 844179]"
1186,"[1098844, 903800, 6034857, 833724, 5569471]"
1187,"[1106523, 990797, 890695, 8116306, 1025611]"
1188,"[1106523, 1103105, 883202, 1044078, 916990]"
1189,"[1106523, 904997, 1082185, 829323, 1082212]"
1190,"[1116635, 12810393, 1075214, 8090521, 1029743]"
1191,"[890695, 916122, 865528, 999104, 5569230]"
1192,"[6979803, 915493, 1068719, 1027068, 6464166]"
1193,"[1106523, 1013928, 899624, 1137346, 916122]"
1194,"[1044078, 1038745, 1000753, 1022254, 910473]"
1195,"[1029743, 890695, 999625, 1087081, 1075368]"
1196,"[1070820, 1047076, 854852, 901062, 909714]"
1197,"[1029743, 856252, 933835, 1132771, 1137775]"
1198,"[915064, 1098844, 1092588, 9835606, 901062]"
1201,"[5569230, 1029743, 1056509, 866548, 906335]"
1202,"[13382402, 9925966, 1029743, 1106523, 983665]"
1203,"[1106523, 1027068, 1044078, 12302069, 916122]"
1204,"[1106523, 926905, 933835, 917033, 1037840]"
1205,"[1029743, 1044078, 1068719, 1072086, 1043751]"
1206,"[1132771, 1043751, 1044078, 1106523, 971922]"
1207,"[1037840, 1075368, 5569230, 8090537, 8090521]"
1208,"[1098284, 1106523, 837270, 1031316, 910473]"
1209,"[986912, 1029743, 1106523, 953539, 1070820]"
1210,"[5569230, 1138292, 1029743, 1075368, 977374]"
1211,"[9396705, 6034577, 918598, 12262978, 1070820]"
1214,"[1106523, 1075368, 5567702, 977374, 918046]"
1216,"[5569230, 946995, 1135834, 1004906, 999625]"
1217,"[1029743, 1004906, 866211, 1075368, 1050851]"
1218,"[1027168, 1070820, 999104, 916122, 1127831]"
1219,"[901062, 1022254, 912004, 1004906, 834846]"
1221,"[1029743, 1096290, 1036930, 1098844, 843929]"
1222,"[5570383, 1040807, 1044078, 916122, 933835]"
1223,"[965766, 1051323, 999198, 5569230, 1037840]"
1224,"[899624, 1004906, 986912, 854852, 1109778]"
1225,"[1106523, 1019637, 1070820, 8090521, 1013928]"
1226,"[916122, 890695, 940947, 835098, 1070820]"
1227,"[1029743, 1106523, 40885, 1070820, 899624]"
1228,"[5569471, 1106523, 1068719, 1021519, 899624]"
1229,"[1070820, 1037332, 965842, 1127831, 909714]"
1230,"[1029743, 1075368, 1029743, 1029743, 5567702]"
1231,"[1082185, 1029743, 890909, 8090541, 1070820]"
1234,"[866211, 5568378, 833724, 9835509, 1011926]"
1236,"[965766, 5569230, 8090521, 1106523, 1037840]"
1238,"[829323, 835098, 1029743, 834826, 1131321]"
1240,"[834117, 6034857, 1070820, 1081177, 5569471]"
1241,"[1029743, 1097398, 1029743, 5567702, 977374]"
1242,"[1075368, 916990, 5574377, 974766, 1126899]"
1245,"[834117, 832678, 969866, 950206, 12302069]"
1246,"[1126899, 1108094, 878715, 1097635, 862070]"
1247,"[1126899, 1029743, 1040807, 916122, 921504]"
1248,"[1106523, 888054, 925862, 865511, 1041796]"
1249,"[8020166, 986912, 977374, 1075368, 1106523]"
1252,"[9526572, 1060673, 899624, 7168055, 958208]"
1255,"[1106523, 1029743, 916122, 856252, 1072523]"
1256,"[979707, 936355, 962266, 1105488, 944836]"
1257,"[6632283, 1029743, 8020166, 1126899, 974766]"
1258,"[883932, 872137, 1051211, 849202, 5569471]"
1259,"[916993, 6533608, 960732, 1037332, 986912]"
1260,"[1098248, 1127831, 869177, 999104, 833724]"
1261,"[1056212, 1113651, 1055504, 866211, 986912]"
1262,"[5569230, 1097398, 1075368, 916990, 1138292]"
1263,"[12262778, 871722, 1029743, 10198378, 919534]"
1264,"[1083787, 952972, 1029743, 913210, 5569230]"
1265,"[1054402, 1042544, 1067606, 5568378, 1029743]"
1266,"[863447, 899624, 12810391, 9835223, 916122]"
1267,"[1098844, 916122, 12171656, 1036699, 1070820]"
1269,"[908318, 899624, 1106523, 1070820, 1082185]"
1270,"[910032, 1106523, 1082185, 1026118, 896613]"
1271,"[1029743, 978343, 864279, 835098, 1070702]"
1272,"[1070845, 916122, 856252, 865456, 948670]"
1274,"[8090537, 879504, 1070820, 6534030, 5569792]"
1277,"[1106523, 1006483, 1090884, 990797, 866211]"
1278,"[1126899, 916990, 1106523, 1075368, 1097398]"
1279,"[965766, 969866, 1106523, 844179, 1036347]"
1280,"[1029743, 1097398, 6632283, 5567702, 977374]"
1281,"[1106523, 1029743, 1056005, 9469110, 926523]"
1282,"[899624, 1106523, 1044078, 944534, 1038663]"
1283,"[986912, 5569230, 918046, 1029743, 6632283]"
1284,"[15926886, 999779, 1044078, 899624, 871756]"
1285,"[5569230, 947201, 1035676, 897954, 1106523]"
1287,"[854852, 1130375, 943169, 1042438, 965766]"
1288,"[6039859, 897954, 1081177, 913210, 1041796]"
1289,"[1055155, 9677454, 5569230, 1029743, 1064213]"
1290,"[999625, 859426, 1041031, 1119454, 1004475]"
1291,"[854852, 1101010, 1044078, 874972, 1132771]"
1293,"[1044078, 1004906, 880150, 944534, 12302069]"
1294,"[1126899, 1067749, 913210, 999965, 976199]"
1295,"[1029743, 1122358, 1072523, 8090509, 893018]"
1296,"[901062, 935578, 12810393, 880150, 908318]"
1297,"[1082185, 867138, 970160, 1026118, 834117]"
1298,"[931255, 12695224, 1004906, 1029743, 5592931]"
1299,"[899624, 979707, 916122, 1029743, 1043663]"
1300,"[1106523, 1126899, 8065410, 1128240, 9245108]"
1303,"[976199, 913210, 1029743, 8090539, 8090521]"
1304,"[1029743, 871611, 1129609, 1106523, 930385]"
1305,"[1106523, 983584, 1013928, 1021116, 944139]"
1306,"[12301839, 1068719, 1029743, 7166861, 1067779]"
1307,"[893018, 965842, 1127831, 1075368, 951412]"
1310,"[5569230, 977374, 1029743, 1138292, 1106523]"
1312,"[944137, 1126899, 1029743, 1122358, 1075214]"
1313,"[1029743, 9553382, 830245, 920109, 899624]"
1314,"[1102416, 920109, 976199, 1050741, 1029743]"
1316,"[1029743, 933067, 982790, 1070820, 1044078]"
1317,"[1016298, 1138487, 5568489, 7442008, 1138292]"
1318,"[925862, 854852, 947427, 963835, 852856]"
1319,"[5569230, 896613, 1029743, 1051323, 12648296]"
1321,"[1106523, 12810393, 893018, 1127831, 1128240]"
1325,"[1098844, 1044759, 957013, 1081177, 837270]"
1326,"[1029743, 899624, 5585510, 983584, 1044078]"
1328,"[1029743, 922561, 910032, 986912, 944534]"
1329,"[866211, 986912, 1008032, 5569374, 916993]"
1330,"[1106523, 986912, 1075368, 1044078, 976199]"
1331,"[1031316, 1029743, 1124520, 963686, 1044078]"
1332,"[1112205, 1062128, 986912, 996028, 933067]"
1333,"[1126899, 1069003, 882604, 990797, 1128016]"
1334,"[9546982, 1044500, 852015, 975649, 862682]"
1335,"[835973, 1010681, 5568758, 836286, 7025094]"
1336,"[916122, 1044078, 971922, 1138443, 883003]"
1337,"[923670, 1029743, 983584, 989069, 854852]"
1338,"[1106523, 1044078, 899624, 989069, 841220]"
1340,"[861706, 1040183, 871611, 951412, 948381]"
1342,"[5574377, 8020166, 1029743, 1106523, 5567702]"
1343,"[939860, 1106523, 1138292, 1126899, 1097398]"
1344,"[918046, 974766, 939860, 1106523, 1029743]"
1346,"[1063577, 866540, 1082212, 5569309, 5574377]"
1347,"[984680, 1029743, 849202, 882247, 917033]"
1350,"[965766, 1106523, 836445, 1059902, 1029743]"
1351,"[6034577, 1029743, 1057749, 1075214, 1065955]"
1352,"[871722, 1004906, 1116050, 10149640, 976199]"
1353,"[1137775, 1137346, 1106523, 899624, 1040807]"
1354,"[12648296, 841762, 922636, 866211, 12302069]"
1355,"[939860, 1106523, 977374, 1029743, 1075368]"
1356,"[5569230, 1070820, 872137, 901776, 893018]"
1357,"[866548, 1070820, 12263276, 983897, 5592164]"
1358,"[5568729, 1070820, 8090509, 1106523, 5569230]"
1359,"[1075368, 1138292, 6632283, 1029743, 939860]"
1360,"[1029743, 939860, 5569230, 918046, 1029743]"
1361,"[918046, 6632283, 1074333, 916990, 977374]"
1362,"[7169088, 7168026, 1097350, 921406, 890604]"
1363,"[1029743, 5567702, 939860, 5574377, 918046]"
1364,"[999250, 1029743, 1126899, 1070820, 986912]"
1366,"[1101010, 901062, 1087102, 922561, 5566800]"
1367,"[1126899, 1040807, 1070820, 933835, 940947]"
1368,"[1070820, 913210, 5569471, 1078652, 916122]"
1369,"[985889, 1126899, 857538, 1011926, 845307]"
1370,"[1106523, 5563693, 844179, 8090539, 8090550]"
1373,"[1098844, 944137, 9673830, 1117219, 5569230]"
1374,"[944534, 1004906, 1081177, 1037840, 871611]"
1375,"[6034857, 1029743, 1106523, 1051516, 976199]"
1376,"[1034176, 1029743, 990797, 8090537, 999858]"
1378,"[5585510, 1062002, 909268, 9297474, 1097001]"
1379,"[1029743, 899624, 9677236, 910032, 1055504]"
1380,"[1126899, 8020166, 1029743, 974766, 1097398]"
1381,"[5574377, 986912, 5567702, 1126899, 1029743]"
1382,"[1029743, 1056509, 913210, 6533681, 6533368]"
1383,"[13190349, 1034176, 12695508, 945611, 878715]"
1384,"[999270, 985999, 880150, 1106523, 1004906]"
1385,"[1029743, 5568197, 1106523, 890909, 1022254]"
1387,"[854133, 1017369, 899624, 944534, 844179]"
1388,"[5570383, 1022066, 1027168, 963835, 1042544]"
1389,"[885290, 10150194, 899624, 10149640, 978343]"
1390,"[976199, 1029743, 1132771, 1040807, 5569230]"
1391,"[965772, 1106523, 916990, 848319, 899624]"
1393,"[901062, 1126899, 956672, 12810393, 1127179]"
1394,"[940947, 6979545, 1125601, 880150, 1022097]"
1395,"[6533608, 880427, 1126899, 1139782, 1026118]"
1397,"[1068719, 1106523, 7410071, 918046, 1085983]"
1398,"[8292955, 850676, 12696250, 986047, 882489]"
1399,"[6034857, 5580801, 1093571, 1029743, 988275]"
1401,"[1044078, 844179, 1043663, 916122, 1126899]"
1402,"[1106523, 969866, 1104343, 9884698, 965766]"
1403,"[1106523, 1097398, 916990, 1029743, 6632283]"
1405,"[976199, 854405, 835098, 1056509, 1106523]"
1406,"[1082185, 1138443, 933835, 951412, 1044078]"
1408,"[15452705, 1029743, 1106523, 1087605, 871188]"
1409,"[1116050, 893018, 12731714, 863447, 12810393]"
1410,"[1029743, 1026118, 976199, 1092937, 940947]"
1412,"[885290, 862799, 1029743, 9487606, 965766]"
1413,"[1106523, 1081177, 1029743, 1075368, 1126899]"
1414,"[1126899, 1106523, 8090537, 1044078, 5569471]"
1417,"[10198378, 913210, 896613, 865456, 854852]"
1418,"[956672, 976199, 1070820, 990797, 848319]"
1419,"[1019637, 1106523, 993638, 5591170, 866211]"
1421,"[8090521, 1029743, 1044078, 1043751, 899624]"
1423,"[13008334, 5981267, 1082185, 5572738, 1056509]"
1425,"[8090521, 1029743, 8090509, 1101010, 8090537]"
1426,"[8090537, 8090521, 1029743, 8090532, 1082990]"
1427,"[996009, 1046587, 986912, 1029743, 999858]"
1428,"[1029743, 839419, 1127831, 913210, 1106523]"
1429,"[1126899, 866211, 1127831, 1029743, 916122]"
1430,"[906844, 885290, 1040807, 1137775, 1126899]"
1431,"[1021324, 998119, 832678, 934399, 999104]"
1434,"[839419, 908283, 1075368, 1127831, 1106523]"
1437,"[893018, 1021324, 1044759, 1044078, 1004906]"
1440,"[983584, 1106523, 1070702, 844179, 916122]"
1443,"[906844, 1070820, 898121, 5569471, 1111080]"
1445,"[1029743, 951412, 1004906, 6034857, 1127831]"
1447,"[1029743, 1064233, 1089505, 9526159, 913210]"
1450,"[979707, 9527417, 899624, 6391381, 1093413]"
1451,"[1070820, 1083446, 1051211, 999779, 1041688]"
1452,"[1013928, 837495, 1029743, 9368289, 1106523]"
1453,"[1092588, 986912, 1062128, 9242918, 1051468]"
1454,"[1082185, 1029743, 979707, 1098248, 1137775]"
1457,"[1044078, 863447, 1106523, 910673, 823990]"
1458,"[1105488, 962266, 1083787, 976199, 933067]"
1459,"[8065410, 872137, 5569230, 908318, 6514160]"
1461,"[1029743, 1000753, 1070702, 912704, 866211]"
1462,"[890695, 885290, 1022254, 887503, 1127831]"
1463,"[986912, 8090560, 899624, 1075368, 854852]"
1464,"[1097398, 1126899, 1029743, 1106523, 1075368]"
1465,"[976199, 951412, 860248, 916122, 1075368]"
1466,"[916990, 977374, 5567702, 5574377, 974766]"
1467,"[5569327, 1029743, 1042438, 1097001, 986912]"
1470,"[1063739, 1070820, 1029743, 998119, 1126899]"
1471,"[1126899, 1029743, 1106523, 986912, 933835]"
1473,"[5568729, 1104343, 866211, 1126899, 1051211]"
1474,"[933835, 5568378, 883932, 1037840, 1106523]"
1475,"[1070820, 1056509, 963971, 933835, 916122]"
1476,"[823099, 1057749, 907099, 964462, 1115576]"
1479,"[977374, 7154535, 1029743, 1106523, 1110244]"
1480,"[5567702, 1138292, 918046, 1097398, 916990]"
1481,"[910032, 885290, 965766, 944836, 971922]"
1483,"[864335, 5569230, 844179, 971922, 861279]"
1484,"[995628, 944836, 1127831, 916122, 1036347]"
1485,"[1106523, 951412, 1075368, 1081177, 933835]"
1487,"[940947, 5569230, 1051283, 951197, 1029743]"
1488,"[1075175, 5569327, 1132771, 5568378, 1126899]"
1489,"[5569230, 1029743, 849202, 910473, 1121384]"
1490,"[916122, 863447, 8290421, 934639, 12648296]"
1491,"[1106523, 901062, 847066, 8014645, 965766]"
1492,"[1004906, 944534, 1044078, 871756, 993638]"
1493,"[1027168, 830503, 1040807, 1041796, 999714]"
1494,"[1068719, 899624, 5585510, 1044078, 1004390]"
1495,"[1038745, 1004390, 986912, 1081177, 12301405]"
1499,"[14106445, 1017799, 944486, 835300, 9655078]"
1500,"[916122, 1106271, 1044078, 844179, 1022254]"
1501,"[1070820, 1006342, 1116741, 872137, 1004906]"
1502,"[866211, 1055425, 852856, 1070820, 849274]"
1506,"[12301100, 869047, 844179, 1044078, 952972]"
1507,"[13841744, 936355, 1043751, 1106523, 1097661]"
1508,"[871722, 872137, 951412, 1126899, 1026118]"
1509,"[1135552, 903800, 1029743, 1042438, 1139569]"
1510,"[986912, 899624, 865026, 910032, 1051211]"
1511,"[1029743, 907631, 1106523, 5569230, 983584]"
1512,"[1106523, 1029743, 834117, 983584, 1106271]"
1513,"[906335, 920109, 1097350, 1118946, 981086]"
1514,"[1126899, 1121393, 995965, 1006184, 906335]"
1515,"[5569230, 914577, 1075214, 986912, 1041796]"
1517,"[1070820, 844179, 910032, 1044078, 5569471]"
1518,"[1106523, 1029743, 854852, 1082212, 872137]"
1519,"[1070820, 8090521, 5569230, 1043751, 857503]"
1520,"[1029743, 5577022, 916122, 1056509, 844179]"
1521,"[1097398, 5574377, 986912, 977374, 1138292]"
1523,"[6632283, 1029743, 1029743, 5567702, 1106523]"
1524,"[5567702, 5574377, 1126899, 977374, 6632283]"
1525,"[1068719, 899624, 1029743, 871756, 12301839]"
1526,"[864335, 865026, 5585510, 986912, 1109778]"
1527,"[1029743, 1082185, 5569230, 878996, 1006878]"
1528,"[1029743, 983584, 1075368, 916122, 1044078]"
1529,"[9546982, 1106523, 825749, 899624, 863885]"
1530,"[938300, 936830, 6548453, 1091380, 862725]"
1531,"[1126899, 5568378, 1037332, 5981267, 1075368]"
1532,"[911609, 1108776, 945662, 965766, 6034577]"
1533,"[971474, 1029743, 1106523, 1124394, 1036773]"
1534,"[7410304, 867272, 999198, 971983, 1070820]"
1535,"[5569327, 5568378, 12810393, 869047, 1106523]"
1536,"[1029743, 865511, 899624, 901776, 1126899]"
1537,"[1106523, 1029743, 1126899, 899624, 6391137]"
1539,"[1126899, 1029743, 1033403, 986912, 5569230]"
1540,"[8015407, 838186, 7442008, 1106523, 1083787]"
1541,"[901062, 1029743, 849578, 940947, 1098248]"
1542,"[1004906, 1070845, 899624, 894439, 1056509]"
1543,"[1043494, 1029743, 1072693, 854852, 5568378]"
1545,"[1106523, 1022254, 6463775, 882247, 983584]"
1546,"[907631, 13841744, 965766, 1132771, 823721]"
1547,"[829722, 5575861, 963835, 898068, 883932]"
1548,"[1134483, 875392, 838186, 965842, 907631]"
1549,"[986912, 1051516, 1122358, 1029743, 1106523]"
1550,"[1106523, 6602697, 1067695, 899624, 1014948]"
1552,"[944836, 1029743, 908064, 1005274, 1004906]"
1553,"[1029743, 1029743, 1075368, 1106523, 5574377]"
1555,"[1029743, 1075368, 844179, 1090884, 1041796]"
1556,"[1044078, 999270, 880150, 948670, 916122]"
1557,"[1102829, 1026118, 1106523, 1068719, 945662]"
1558,"[1030093, 866211, 1120928, 908318, 919766]"
1559,"[1075368, 1106523, 5568729, 1026118, 9392700]"
1560,"[1029743, 1121384, 1021519, 823704, 981086]"
1563,"[1029743, 1126899, 957951, 854852, 1106271]"
1564,"[852235, 897083, 834303, 1091793, 9526410]"
1566,"[1118623, 1051323, 1022254, 1082141, 1004906]"
1567,"[1082185, 934639, 8015407, 993638, 910032]"
1568,"[1106523, 882489, 999270, 899624, 1050851]"
1569,"[1106523, 918046, 5567702, 1074333, 5574377]"
1570,"[979707, 5568729, 976199, 1028891, 1128016]"
1571,"[1029743, 986912, 916990, 918046, 1126899]"
1572,"[1005274, 7139529, 9835509, 1126899, 896085]"
1575,"[901062, 10457590, 1110409, 1022254, 1070820]"
1576,"[1029743, 1037863, 1106523, 1070820, 1135566]"
1577,"[1029743, 823721, 6533608, 997796, 5570048]"
1578,"[1075368, 916122, 1029743, 899624, 1068719]"
1579,"[856252, 983584, 1127831, 916122, 1029743]"
1580,"[849100, 918746, 1024051, 1029743, 1079987]"
1581,"[916122, 1029743, 1110111, 1138443, 960613]"
1584,"[1029743, 1028891, 1106523, 1134483, 899624]"
1585,"[5569471, 5568729, 1126899, 1110409, 1101010]"
1587,"[1029743, 1051211, 844179, 953539, 899624]"
1588,"[9547021, 979707, 901062, 866211, 6602697]"
1590,"[1070820, 1028891, 944836, 965766, 1081177]"
1591,"[1070820, 896085, 1050851, 907631, 916993]"
1592,"[6979526, 9884698, 10201384, 830503, 1139142]"
1593,"[1029743, 898121, 937292, 941856, 880150]"
1594,"[1106523, 5981267, 865456, 1068719, 1082185]"
1595,"[971922, 1137775, 986912, 1131438, 933835]"
1596,"[1046816, 901776, 1058404, 6391381, 921406]"
1598,"[1029743, 1056509, 1044078, 1106523, 5568378]"
1599,"[863447, 1068719, 1013928, 944137, 999779]"
1600,"[1097398, 1029743, 5574377, 1029743, 939860]"
1602,"[1070820, 848319, 1104343, 944836, 1029743]"
1604,"[832678, 1051211, 1105301, 968164, 1062572]"
1607,"[6533608, 1006184, 5569230, 8090532, 852856]"
1608,"[1138292, 916990, 939860, 974766, 5574377]"
1609,"[1082185, 1029743, 1127831, 1138292, 916990]"
1611,"[1037840, 1029743, 1106523, 892728, 6979393]"
1612,"[1070820, 1029743, 901062, 1126899, 5568729]"
1614,"[960732, 1048237, 6773232, 1106523, 1082185]"
1618,"[1006184, 1138443, 1070820, 847207, 971922]"
1619,"[6391381, 5563693, 970160, 841309, 867138]"
1620,"[1106523, 862799, 9245106, 1044078, 5587656]"
1621,"[1106523, 7166861, 933835, 1101010, 1137346]"
1622,"[1026209, 1062002, 8205418, 1006342, 1029743]"
1623,"[883932, 1044078, 1106523, 916122, 999779]"
1624,"[5569230, 986912, 1082185, 1052975, 1026118]"
1627,"[880427, 1011926, 1029743, 835098, 1105488]"
1628,"[1138292, 5567702, 1097398, 1074333, 1029743]"
1630,"[865026, 1135834, 5585510, 1106523, 1098284]"
1631,"[1029743, 1044078, 5569327, 983584, 844179]"
1632,"[1070820, 913210, 878715, 1061982, 1037332]"
1633,"[1029743, 899624, 1135834, 1093413, 1101010]"
1634,"[5569327, 1070820, 1044078, 1029743, 9836106]"
1636,"[939860, 1138292, 1029743, 1029743, 918046]"
1637,"[827999, 1014948, 1053282, 948298, 1132911]"
1638,"[1004906, 1126899, 9673830, 916122, 972235]"
1640,"[1106523, 1037840, 895930, 1040807, 863762]"
1641,"[974766, 1029743, 977374, 8020166, 1097398]"
1642,"[1070820, 1106523, 1105488, 916122, 970160]"
1643,"[1106523, 1027168, 899624, 1044078, 893018]"
1644,"[1029743, 1106523, 948793, 916122, 1126899]"
1645,"[5569230, 5574377, 986912, 1029743, 8020166]"
1646,"[5567702, 939860, 977374, 1029743, 5574377]"
1647,"[1126899, 1029743, 986912, 854852, 5569230]"
1648,"[1106523, 9553382, 983584, 1122358, 883003]"
1649,"[965766, 6391381, 1051516, 866211, 916122]"
1650,"[944137, 6034857, 854754, 1081177, 866211]"
1651,"[1104343, 901062, 6034857, 1114483, 961021]"
1652,"[5567702, 1126899, 916990, 974766, 5569230]"
1653,"[1138443, 1044078, 1029743, 865456, 971922]"
1654,"[1027168, 5569230, 1070820, 1106523, 887102]"
1657,"[1106523, 1070820, 1029743, 1126899, 1044078]"
1658,"[916122, 833940, 1068719, 885290, 6034857]"
1659,"[1029743, 6034857, 1009187, 1105488, 1044078]"
1660,"[1029743, 1106523, 1044078, 986912, 6602697]"
1662,"[1126899, 999104, 1098844, 880427, 991223]"
1663,"[8292955, 9553042, 896804, 10198402, 830941]"
1664,"[1070820, 1044078, 935993, 899624, 871756]"
1665,"[5568721, 832678, 12946027, 5568378, 986912]"
1666,"[1122358, 1029743, 983584, 12731714, 5569230]"
1668,"[1068719, 1106523, 849100, 969725, 848319]"
1669,"[1097398, 5567702, 939860, 6632283, 1075368]"
1672,"[5592931, 1044078, 1029743, 852856, 1106523]"
1673,"[883932, 948650, 12301100, 1106523, 1044078]"
1676,"[1026258, 888586, 1011926, 998119, 1006878]"
1677,"[1029743, 885290, 5568378, 7442008, 1004906]"
1680,"[1126899, 6463775, 1104343, 893018, 901062]"
1683,"[5574377, 872137, 9802981, 1070820, 901776]"
1684,"[1106523, 8090537, 8090521, 899624, 1081177]"
1685,"[1005274, 1029743, 1106523, 889223, 849129]"
1686,"[953539, 1106523, 986912, 1029743, 935993]"
1687,"[832678, 823099, 835098, 872137, 1126899]"
1688,"[5567702, 6632283, 5569230, 8020166, 1074333]"
1689,"[1000753, 1133254, 1029743, 12810391, 866548]"
1690,"[863447, 832678, 899624, 999779, 5569230]"
1692,"[1029743, 844179, 1001702, 1106523, 1044078]"
1693,"[5590613, 1126899, 6391381, 1083043, 5592610]"
1694,"[990797, 835098, 856252, 1044078, 1103105]"
1695,"[849274, 1048237, 1029743, 821200, 1027168]"
1696,"[1106523, 1029743, 6632283, 1029743, 939860]"
1697,"[1044078, 1029743, 5569230, 946839, 1050851]"
1698,"[907631, 930118, 1038985, 1040807, 901062]"
1699,"[993638, 1106523, 983584, 6034857, 986912]"
1700,"[12301100, 5568378, 972143, 941856, 930385]"
1701,"[986912, 1029743, 1029743, 1074333, 1075368]"
1703,"[1106523, 5590613, 1098435, 5592931, 1067695]"
1704,"[873324, 917174, 890610, 904359, 1106523]"
1705,"[1105488, 969866, 933067, 1004906, 5568378]"
1706,"[1126899, 1029743, 914240, 860248, 854852]"
1707,"[1050851, 1029743, 9884484, 964120, 940947]"
1708,"[1029743, 12648296, 919534, 896613, 6534480]"
1709,"[1126899, 5574377, 1029743, 1029743, 986912]"
1710,"[1106523, 1029743, 8090440, 1119405, 819978]"
1712,"[1126899, 1037840, 1008032, 1068719, 1078652]"
1713,"[923149, 903602, 1060312, 893362, 851188]"
1715,"[859427, 1022254, 1101706, 883202, 1098844]"
1716,"[12302069, 1029743, 1004906, 1044078, 844179]"
1717,"[1029743, 858439, 1068719, 848319, 1055425]"
1718,"[854852, 1037840, 1070820, 872137, 5569230]"
1719,"[1106523, 8090521, 5569471, 1029743, 1070820]"
1720,"[909714, 1070820, 1018740, 916122, 885290]"
1721,"[1106523, 1104649, 1029743, 12352293, 925862]"
1722,"[829852, 1051516, 1126899, 901062, 835098]"
1723,"[870559, 1040807, 922561, 1018740, 1110409]"
1724,"[1126899, 937292, 1106523, 854852, 1104343]"
1726,"[866211, 1044487, 6391381, 849100, 1071446]"
1728,"[1029743, 9419470, 9296919, 8020234, 882308]"
1729,"[1106523, 933835, 1029743, 1075368, 1104343]"
1730,"[1106523, 1029743, 1126899, 1092588, 1070820]"
1731,"[1106523, 1126899, 5569135, 1068719, 7462562]"
1732,"[1029743, 976199, 844179, 833724, 1051211]"
1733,"[894439, 6904613, 986912, 844179, 885290]"
1734,"[1106523, 5569230, 939860, 1138292, 1074333]"
1735,"[1068719, 1082990, 871756, 1004906, 859426]"
1737,"[916122, 901062, 1126899, 1044078, 1106523]"
1738,"[1118033, 922847, 957063, 1040807, 933835]"
1739,"[1106523, 5568378, 13841744, 940766, 1122568]"
1740,"[1074333, 12946027, 1075368, 854754, 1106523]"
1742,"[864335, 1114653, 1072523, 1019637, 1098284]"
1743,"[990797, 6463775, 854852, 1041796, 951412]"
1745,"[988697, 1106271, 1106523, 1081177, 1126899]"
1747,"[1106523, 6424471, 1056509, 986912, 1122358]"
1748,"[1106523, 5981267, 916122, 1028995, 5590613]"
1749,"[849066, 1042571, 1135834, 1009719, 934399]"
1750,"[1097398, 6632283, 974766, 1029743, 986912]"
1751,"[1070820, 882308, 863885, 1051323, 1082990]"
1752,"[907631, 865456, 1106523, 999270, 910673]"
1753,"[986912, 1067695, 8090537, 1106523, 883003]"
1754,"[1029743, 843911, 5585510, 831628, 1043494]"
1755,"[854852, 1043787, 951412, 835278, 901062]"
1756,"[986912, 6632283, 974766, 977374, 1029743]"
1758,"[1115553, 1132771, 899624, 1126899, 1044078]"
1759,"[1044078, 880150, 940947, 5590613, 901062]"
1760,"[983584, 15630094, 1029743, 906838, 1082185]"
1761,"[854852, 1132771, 835098, 844179, 1042544]"
1762,"[1029743, 983584, 976199, 854405, 854852]"
1763,"[1037840, 1106523, 871611, 979707, 6548453]"
1764,"[1126899, 1054539, 1075368, 5565925, 1127831]"
1765,"[1070820, 1043494, 1029743, 941856, 1050851]"
1766,"[880714, 975649, 1044078, 1029743, 1106523]"
1767,"[1081177, 1029743, 1004906, 1106523, 986912]"
1768,"[12946027, 6391134, 999858, 899624, 844179]"
1769,"[999625, 1109778, 5563693, 6602697, 872137]"
1770,"[1029743, 880150, 1104343, 1082990, 854852]"
1773,"[916122, 5569471, 913210, 1056509, 1043787]"
1774,"[990797, 1104343, 1029743, 8090537, 889509]"
1775,"[1082185, 1037332, 866211, 978343, 1122568]"
1776,"[1070820, 1126899, 1029743, 970160, 901062]"
1778,"[12810393, 1029743, 949965, 9245106, 1004906]"
1779,"[963835, 963365, 1004906, 1070820, 1101010]"
1780,"[1126899, 5567702, 1029743, 5569230, 1029743]"
1781,"[6979545, 1031316, 1081177, 1037840, 854852]"
1783,"[1029743, 9835509, 5585510, 5569471, 1132771]"
1784,"[830503, 1126899, 983584, 1106271, 951412]"
1785,"[1126899, 976199, 933835, 1131321, 1055504]"
1787,"[1029743, 5574377, 1126899, 6632283, 1029743]"
1788,"[1017127, 951412, 1092303, 909714, 837270]"
1789,"[955716, 1126899, 1070820, 1029743, 1106523]"
1790,"[1082185, 834117, 945662, 1040807, 1018740]"
1791,"[916122, 8090440, 910673, 883940, 1044078]"
1792,"[906917, 1075368, 1106523, 5582712, 8090519]"
1793,"[1097398, 1106523, 1138292, 1029743, 939860]"
1794,"[1102416, 8090513, 8090536, 1106523, 1029743]"
1795,"[1070820, 914318, 890610, 8090521, 1050851]"
1796,"[965766, 1037840, 1029743, 1106523, 1116020]"
1797,"[1112825, 996009, 862799, 1031087, 854852]"
1798,"[986912, 1029743, 8020166, 1097398, 5574377]"
1800,"[933835, 1126899, 1070820, 913210, 1022254]"
1801,"[854900, 1116635, 1128163, 1054262, 1134810]"
1802,"[884089, 885290, 848319, 1113274, 854852]"
1803,"[1138292, 1029743, 1022254, 1021324, 899624]"
1804,"[1029743, 852856, 948670, 999104, 1127831]"
1805,"[834117, 1006483, 1111080, 1075368, 852856]"
1806,"[1126899, 1029743, 893018, 1102416, 895295]"
1807,"[1044078, 916122, 1098844, 857503, 8090536]"
1808,"[1037840, 976199, 1029743, 883186, 854852]"
1809,"[8090536, 1082185, 844179, 901062, 976199]"
1810,"[932631, 1029743, 1098284, 1018818, 864893]"
1811,"[1106523, 901976, 1135258, 841762, 1123959]"
1812,"[1075282, 1037863, 1006342, 892573, 12731544]"
1814,"[43020, 1029743, 976199, 1037840, 880150]"
1815,"[1029743, 899624, 1009368, 1004906, 1044078]"
1816,"[1029743, 8090532, 863447, 1070820, 1004906]"
1817,"[1116635, 872137, 1020208, 866211, 925862]"
1818,"[1044078, 1106523, 906917, 1134736, 1129049]"
1821,"[5568378, 1106523, 8090521, 983584, 933835]"
1822,"[6632283, 5569230, 974766, 1029743, 1074333]"
1823,"[1070820, 883003, 852856, 912704, 1060408]"
1824,"[1106523, 983584, 6034857, 854852, 1043787]"
1826,"[1029743, 1072523, 1044078, 9884698, 1106523]"
1829,"[914753, 1135044, 1098844, 978343, 8090537]"
1831,"[909268, 1082185, 892314, 1101706, 1098248]"
1832,"[8293703, 848029, 1082185, 996009, 978294]"
1833,"[1000753, 838186, 1106523, 880150, 1070820]"
1835,"[945662, 933835, 1092303, 883003, 908318]"
1836,"[1126899, 939860, 5574377, 1029743, 1075368]"
1837,"[8019681, 957736, 834117, 870428, 966684]"
1838,"[1097398, 1074333, 986912, 5567702, 1126899]"
1839,"[1106523, 889551, 1026362, 867547, 1098844]"
1841,"[999858, 1062572, 872137, 1062002, 1004906]"
1843,"[870165, 5569845, 5569230, 1119112, 1005820]"
1844,"[6632283, 5569230, 1029743, 916990, 1097398]"
1845,"[1126899, 976199, 1127831, 901062, 986912]"
1846,"[839208, 1029743, 1116635, 1130581, 1056267]"
1847,"[1070820, 5569230, 830503, 1105450, 908283]"
1848,"[894439, 892573, 1135834, 986912, 1043787]"
1849,"[1029743, 1070820, 1089954, 1056509, 899459]"
1850,"[854852, 1127831, 6034857, 880150, 5578547]"
1853,"[977374, 6632283, 1029743, 5574377, 1097398]"
1854,"[1062002, 957736, 919423, 1072693, 12988031]"
1856,"[986912, 12810393, 948670, 1044078, 12811532]"
1857,"[1027168, 1029743, 1040807, 1031316, 983584]"
1858,"[1065061, 1081177, 1057102, 1000237, 837270]"
1861,"[1029743, 6602697, 1082185, 5569471, 1044078]"
1862,"[1110409, 854852, 5569230, 6463742, 1004906]"
1864,"[965842, 979707, 963868, 901776, 1098844]"
1865,"[1098435, 1092303, 833724, 903800, 892531]"
1867,"[916122, 897954, 1126899, 5569230, 977798]"
1868,"[1106523, 5569230, 974766, 5567702, 1126899]"
1869,"[940947, 1050851, 1126899, 1044078, 8090521]"
1871,"[854852, 1055425, 944836, 966684, 970160]"
1872,"[846417, 1111786, 1126899, 878715, 1055504]"
1873,"[1106523, 878996, 1101010, 1044078, 865528]"
1876,"[1097398, 974766, 1029743, 5567702, 6632283]"
1877,"[1122358, 983584, 844179, 8090440, 12648296]"
1879,"[1121694, 933835, 922561, 1132771, 1082185]"
1880,"[930385, 1106523, 1084036, 918345, 921438]"
1881,"[852360, 959316, 913210, 901062, 1132198]"
1882,"[5567702, 918046, 1029743, 916990, 1074333]"
1883,"[8090521, 1106523, 1075368, 1044078, 883003]"
1884,"[999714, 1029743, 1089954, 1135195, 1091858]"
1885,"[1029743, 1106523, 1126899, 13411934, 5579696]"
1886,"[939860, 974766, 916990, 1029743, 5567702]"
1887,"[1126899, 1070820, 957232, 943275, 5584646]"
1889,"[1029743, 1075368, 986912, 5569230, 1126899]"
1890,"[916122, 1003616, 1126899, 1061982, 6039759]"
1891,"[1082185, 965772, 1106523, 1011457, 1091865]"
1892,"[1044078, 1138443, 1093413, 896862, 899624]"
1895,"[1129049, 1106523, 883186, 879734, 854852]"
1896,"[1075368, 1082185, 1037840, 971922, 1029743]"
1898,"[6632283, 916990, 1097398, 1106523, 939860]"
1899,"[1029743, 1040807, 957063, 883932, 1122358]"
1900,"[971922, 1087102, 1037332, 872137, 1132771]"
1901,"[1013928, 1044078, 1042438, 1127758, 1029743]"
1903,"[1075368, 1074333, 977374, 1126899, 1029743]"
1904,"[1126899, 942475, 879876, 862314, 1044078]"
1906,"[1114653, 844179, 968072, 1046756, 1070702]"
1907,"[1125601, 976199, 872137, 916122, 848319]"
1909,"[6463775, 1139142, 5569230, 1068719, 955259]"
1911,"[844179, 1044078, 1070820, 1021519, 1118033]"
1912,"[1029743, 12302069, 1106523, 1044078, 844179]"
1914,"[1077133, 892573, 894439, 1043787, 862010]"
1916,"[1068719, 885290, 944534, 1004906, 1105917]"
1917,"[1106523, 829722, 925694, 883068, 896085]"
1918,"[6463710, 6463717, 1082185, 872137, 1029743]"
1919,"[1106523, 871514, 892531, 907625, 913210]"
1920,"[1019643, 833724, 829323, 1127831, 1024306]"
1922,"[1091901, 1132771, 5563693, 1112238, 1002771]"
1923,"[901062, 835098, 854852, 1128016, 992986]"
1924,"[965772, 1132956, 983584, 1106523, 1122568]"
1925,"[12262832, 901062, 1029743, 1106523, 5569230]"
1926,"[1068719, 12262830, 1070702, 5592931, 956599]"
1927,"[5981074, 1044078, 1025611, 916122, 1106523]"
1928,"[908504, 1070820, 983584, 1017369, 1125199]"
1929,"[1106523, 946839, 933835, 1068292, 1027168]"
1930,"[1051323, 1029743, 1106523, 1075368, 1037840]"
1931,"[1106523, 823704, 843464, 896862, 819255]"
1932,"[5569230, 1138292, 1074333, 918046, 5567702]"
1935,"[1126899, 999104, 1048257, 908318, 857503]"
1936,"[1029743, 844179, 1138443, 971922, 899624]"
1937,"[833724, 1070820, 999104, 986912, 1112238]"
1939,"[896085, 1068719, 926905, 879876, 844179]"
1940,"[950118, 1026118, 1110409, 854852, 1127758]"
1941,"[1044078, 947798, 5592931, 1106523, 1122568]"
1942,"[5569230, 5585510, 1106523, 1004906, 1104343]"
1943,"[1029743, 1106523, 972665, 983584, 1044188]"
1944,"[994223, 1070820, 880427, 1029743, 1121384]"
1945,"[1071713, 1029743, 936355, 933835, 1103513]"
1946,"[1070820, 920109, 10344585, 916122, 12946027]"
1947,"[1126899, 919423, 845307, 6463742, 1097635]"
1948,"[6602590, 891516, 848319, 6552438, 916993]"
1949,"[908843, 1044078, 1127831, 864335, 1106523]"
1950,"[1131321, 921504, 1106523, 1079987, 1130858]"
1951,"[1127831, 1029743, 5568411, 916122, 983897]"
1952,"[1029743, 995502, 1127831, 1106523, 9487385]"
1953,"[993638, 1050851, 986912, 1004906, 970202]"
1954,"[1038745, 1084036, 1026118, 1019247, 1129049]"
1955,"[1082185, 1063739, 1004906, 897954, 1050851]"
1956,"[1126899, 5568378, 1070820, 933835, 966684]"
1957,"[1029743, 9245108, 8177622, 1040807, 821200]"
1958,"[1063577, 1055504, 981103, 1089954, 8069350]"
1959,"[1126899, 5569230, 1138292, 1097398, 8020166]"
1960,"[1044078, 1070820, 839656, 880150, 844179]"
1961,"[1106523, 1074754, 982790, 5587656, 1126899]"
1962,"[1094924, 1056509, 1121059, 913210, 976199]"
1963,"[886996, 5569471, 999779, 1040807, 940947]"
1964,"[870428, 1002771, 851287, 844179, 916122]"
1965,"[893018, 1106523, 8090521, 1126899, 854405]"
1966,"[944836, 833724, 1104343, 1138631, 1004906]"
1967,"[13190349, 1029743, 5592931, 1106523, 945662]"
1968,"[1029743, 1068719, 1082212, 854852, 1122358]"
1969,"[1029743, 916122, 8090537, 1081177, 1044078]"
1970,"[1072086, 1029743, 1127758, 5569230, 1044188]"
1971,"[1029743, 1070820, 1082212, 899624, 8090539]"
1975,"[883003, 5574377, 1087102, 1110244, 1092588]"
1976,"[1082990, 1106523, 901772, 1075368, 986912]"
1978,"[1029743, 1126899, 5567702, 939860, 977374]"
1979,"[1106523, 1029743, 1004906, 854852, 888586]"
1981,"[1126899, 1122358, 1082212, 857503, 1037863]"
1982,"[1082185, 6979803, 912451, 854405, 1121384]"
1983,"[7166865, 908318, 1029743, 899624, 7168026]"
1985,"[1106523, 5569230, 901062, 1057011, 946839]"
1987,"[844179, 913210, 1106523, 1004906, 916122]"
1988,"[1106523, 5565392, 1051323, 922636, 995896]"
1989,"[9676866, 833724, 999858, 835098, 879734]"
1990,"[1029743, 1067749, 1126899, 13007846, 856942]"
1991,"[5574377, 1029743, 974766, 1029743, 977374]"
1992,"[986912, 1029743, 6632283, 1029743, 939860]"
1993,"[1043787, 862010, 986912, 901062, 880150]"
1994,"[965766, 1126899, 1075214, 1070272, 972665]"
1995,"[1029743, 1106523, 901062, 9677236, 1044188]"
1996,"[6034577, 1027168, 1126899, 1070820, 5569230]"
1997,"[1126899, 985889, 10344585, 893018, 12949855]"
1998,"[1106523, 5592931, 1082990, 1068719, 6633224]"
1999,"[1029743, 1016298, 1044078, 1072086, 1086238]"
2000,"[1029743, 844179, 930385, 916122, 1068719]"
2001,"[5568729, 986912, 1126899, 1043751, 1070820]"
2003,"[867547, 6602729, 978906, 1128016, 5569471]"
2004,"[1040807, 5568378, 990797, 934399, 1073902]"
2005,"[1068719, 1029743, 1044078, 865456, 907631]"
2006,"[916993, 5569471, 945611, 1041796, 5574377]"
2007,"[1106523, 12301109, 1064574, 1092303, 1027168]"
2008,"[1126899, 936830, 885290, 913210, 865511]"
2010,"[7152455, 857130, 1127758, 916122, 850102]"
2011,"[5569471, 913210, 951071, 968992, 1019942]"
2012,"[1106523, 6633224, 916122, 854405, 1070702]"
2014,"[965766, 1022254, 880150, 12301100, 5592931]"
2015,"[1029743, 865528, 940947, 960732, 896085]"
2016,"[1126899, 939860, 8020166, 5567702, 1029743]"
2017,"[983584, 1126899, 920109, 916122, 1070820]"
2018,"[993638, 1082185, 880150, 1081177, 1122358]"
2019,"[899624, 1029743, 1044078, 1037840, 1081177]"
2020,"[1029743, 1093413, 1044759, 1132771, 1122358]"
2021,"[896862, 883932, 1044078, 1004906, 899624]"
2022,"[1082185, 1029743, 1098844, 906335, 854852]"
2023,"[1003699, 7443278, 1011457, 852856, 1057011]"
2025,"[1029743, 940947, 902172, 1121384, 999270]"
2026,"[1074333, 1097398, 1029743, 5567702, 5574377]"
2027,"[1116635, 854852, 5568721, 8090537, 5568378]"
2028,"[839419, 8090509, 5568378, 895295, 5569230]"
2029,"[1029743, 965766, 1079987, 1044078, 1072523]"
2030,"[944836, 1043751, 971922, 1087102, 1029743]"
2031,"[1029743, 1126899, 986912, 8020166, 1075368]"
2032,"[1138292, 1074333, 8020166, 6632283, 1097398]"
2033,"[1002771, 1127758, 1029743, 873474, 1068719]"
2034,"[1126899, 1004906, 866211, 1098248, 897954]"
2036,"[1126899, 1060408, 854852, 1024306, 878996]"
2037,"[990797, 1068719, 1018007, 1029743, 871611]"
2038,"[1029743, 1068719, 1082212, 1076842, 9333734]"
2039,"[1029743, 916990, 1074333, 1097398, 977374]"
2040,"[1029743, 1106523, 1126899, 1043663, 1021225]"
2041,"[1074333, 1127716, 1008814, 872137, 896613]"
2042,"[1029743, 5574377, 5567702, 8020166, 1126899]"
2043,"[998119, 1013928, 999858, 894439, 5569327]"
2046,"[986912, 5567702, 918046, 916990, 1075368]"
2047,"[933835, 883003, 8090537, 1029743, 1106523]"
2048,"[1106523, 6391137, 824180, 1075368, 914577]"
2049,"[976199, 990797, 956672, 854852, 5569327]"
2050,"[857503, 899624, 1075786, 1109778, 1034176]"
2055,"[1011926, 5568378, 1080853, 6602327, 1051516]"
2056,"[8090521, 1106523, 1029743, 8090537, 1132771]"
2057,"[1070820, 933835, 983584, 977798, 913210]"
2058,"[901776, 1006342, 1011926, 1022254, 872137]"
2059,"[1126899, 916990, 1138292, 1029743, 1075368]"
2060,"[986912, 5569230, 1029743, 993638, 8090537]"
2062,"[1022254, 1029743, 1106523, 1122358, 1026118]"
2063,"[1127831, 1022254, 866211, 841220, 839419]"
2064,"[951412, 1006483, 887102, 1081177, 1075368]"
2065,"[1029743, 852015, 916122, 913210, 1037840]"
2068,"[1070820, 1004906, 1078652, 1004390, 825703]"
2070,"[913210, 10149640, 1092937, 834117, 838186]"
2071,"[933835, 1068719, 899624, 1004906, 10149640]"
2072,"[1029743, 1029743, 5569230, 916990, 5567702]"
2075,"[1029743, 1123842, 899624, 1006483, 1004906]"
2076,"[1098844, 854852, 829323, 5566235, 9296919]"
2077,"[1106523, 6391381, 6463742, 896613, 833724]"
2079,"[1106523, 1026118, 8090537, 871611, 6548453]"
2080,"[857503, 919534, 1106523, 863447, 1044078]"
2081,"[1075368, 5574377, 8020166, 5567702, 5569230]"
2082,"[832678, 848319, 1029743, 970747, 866878]"
2083,"[1070820, 844179, 911614, 1042438, 6533681]"
2084,"[6034857, 1070820, 983584, 913210, 916993]"
2085,"[983584, 1101010, 1029743, 6034857, 5568378]"
2086,"[1082185, 1029743, 1015280, 866211, 5585510]"
2087,"[916993, 1029743, 976199, 948670, 6034857]"
2088,"[1029743, 919534, 1128016, 1139142, 1026118]"
2089,"[1126899, 1106523, 1029743, 1070820, 986912]"
2090,"[1072523, 889551, 1018769, 1118033, 14106445]"
2091,"[8020166, 1074333, 916990, 939860, 1126899]"
2094,"[1082185, 1070820, 6463775, 5569374, 1098435]"
2095,"[986912, 1068719, 933067, 883003, 1106523]"
2099,"[939860, 1074333, 1126899, 977374, 8020166]"
2100,"[1041796, 1106523, 899459, 1074754, 895166]"
2101,"[1029743, 883003, 1070820, 986912, 1106523]"
2102,"[12262778, 940947, 854852, 996009, 1045586]"
2103,"[1029743, 8020166, 6632283, 5567702, 1097398]"
2105,"[916990, 1075368, 6632283, 5574377, 1106523]"
2108,"[1029743, 1106523, 8090537, 5569230, 854852]"
2109,"[937292, 8065410, 930666, 999270, 1041796]"
2110,"[1029743, 1106523, 6034857, 901062, 871611]"
2111,"[1051516, 1126899, 1009368, 1089954, 916122]"
2112,"[1029743, 5585510, 1022254, 1126899, 1082212]"
2114,"[986912, 885290, 933835, 859427, 1105488]"
2115,"[1070820, 5569471, 823721, 844179, 1027168]"
2116,"[1105917, 957951, 986912, 854754, 848029]"
2119,"[1029743, 12731432, 947798, 970605, 965766]"
2120,"[1029743, 1126899, 1106523, 1070820, 541711]"
2121,"[916122, 1006483, 872137, 976199, 933835]"
2122,"[1044078, 1106523, 1029743, 1126899, 899624]"
2123,"[957232, 1076199, 824180, 889223, 832678]"
2124,"[1126899, 1106523, 880427, 854852, 6602697]"
2125,"[883003, 1029743, 933067, 857503, 976199]"
2126,"[833724, 1098844, 1104343, 1043787, 1026118]"
2129,"[1029743, 5569471, 12810393, 1074754, 981086]"
2130,"[899624, 1068719, 872137, 1106523, 983584]"
2131,"[965766, 1026118, 1029743, 993638, 999714]"
2132,"[990797, 980943, 1034886, 12132513, 1014116]"
2133,"[1126899, 904105, 1019247, 825365, 1043751]"
2134,"[825343, 863447, 844179, 999858, 899624]"
2135,"[916990, 5567702, 986912, 5569230, 6632283]"
2136,"[9707498, 6602729, 901062, 872137, 1047769]"
2137,"[1022254, 12302069, 1068719, 933067, 8090537]"
2138,"[1029743, 1042544, 945611, 933835, 5568378]"
2139,"[1029743, 1132771, 1127831, 12731714, 844179]"
2141,"[1070820, 1110244, 5569327, 971922, 945662]"
2142,"[1029743, 6704207, 5568729, 1110244, 1003487]"
2145,"[1029743, 1029743, 5574377, 6632283, 1029743]"
2146,"[898121, 944836, 973135, 849870, 6423911]"
2147,"[1106523, 1098248, 880427, 848319, 933835]"
2148,"[1068719, 950894, 1101010, 949965, 1106523]"
2149,"[1082185, 849202, 1114811, 939681, 1106523]"
2151,"[939860, 5574377, 1126899, 974766, 1029743]"
2153,"[13841744, 1029743, 1044078, 5592931, 1004906]"
2154,"[1106523, 999270, 6533362, 901062, 1101010]"
2155,"[977374, 5569230, 916990, 1106523, 1029743]"
2156,"[1029743, 1016276, 913210, 1122358, 850102]"
2158,"[1044078, 1055504, 854852, 1004906, 1136375]"
2159,"[823990, 910673, 1106523, 1038745, 965766]"
2160,"[953539, 1029743, 15682961, 969725, 956672]"
2161,"[1126899, 976214, 865156, 880150, 958208]"
2162,"[6395907, 1052294, 1110244, 896085, 862535]"
2163,"[918046, 5574377, 1029743, 8020166, 1029743]"
2167,"[1074333, 1029743, 974766, 986912, 5574377]"
2168,"[8090521, 1044078, 1089954, 844179, 1070702]"
2169,"[6632283, 1075368, 1029743, 5567702, 8020166]"
2170,"[1013928, 1029743, 1044078, 1037840, 933835]"
2171,"[1081533, 986912, 1003616, 883003, 965766]"
2172,"[1029743, 849202, 1104343, 916758, 885406]"
2173,"[1062002, 1105488, 1087102, 1132771, 899624]"
2174,"[1029743, 1126899, 1106523, 985699, 6979317]"
2175,"[1029743, 1126899, 1097398, 1106523, 986912]"
2176,"[977374, 1126899, 1029743, 974766, 6632283]"
2179,"[944137, 854405, 871611, 1068719, 1124520]"
2181,"[971922, 899624, 1068719, 1126899, 854405]"
2182,"[43020, 1029743, 10307325, 5569230, 959931]"
2183,"[1082185, 6034857, 909268, 1098248, 1029743]"
2184,"[1106523, 965766, 901067, 993638, 1056509]"
2185,"[972665, 839656, 865456, 1100972, 832678]"
2186,"[8090521, 965766, 1106523, 1075368, 899624]"
2188,"[1106523, 933835, 819978, 866211, 913210]"
2189,"[834117, 913210, 1042942, 1029743, 1106523]"
2190,"[883003, 5568378, 1106523, 993638, 8065410]"
2193,"[979707, 1055504, 1005274, 1070820, 5569845]"
2194,"[854852, 8090537, 1003649, 866211, 1081177]"
2195,"[1126899, 1138443, 1055504, 919534, 1046957]"
2196,"[1029743, 12731432, 1022254, 901062, 1089954]"
2197,"[930666, 916122, 8090440, 8090521, 5569230]"
2198,"[863762, 892573, 865026, 1137775, 913210]"
2199,"[1070820, 1126899, 901062, 1041796, 916993]"
2200,"[844179, 916122, 9296919, 899624, 999858]"
2202,"[1126899, 918046, 1029743, 1029743, 1097398]"
2203,"[1029743, 951412, 1018818, 1126899, 5568732]"
2204,"[871756, 835530, 820923, 1044078, 1029743]"
2205,"[1126899, 1029743, 1138292, 1075368, 5567702]"
2206,"[1029743, 1121321, 1106523, 6704329, 6424460]"
2207,"[911311, 1043494, 916122, 972143, 1106523]"
2208,"[5569230, 1106523, 1128016, 1106271, 940947]"
2209,"[1029743, 1098844, 1004906, 866211, 1127831]"
2211,"[1126899, 1126045, 1119942, 1088387, 1060408]"
2212,"[939860, 1029743, 1075368, 918046, 1029743]"
2213,"[1106523, 1126899, 979707, 9296856, 854852]"
2214,"[1126899, 1029743, 5569230, 930870, 1104343]"
2215,"[1112205, 880150, 1128240, 1106523, 12810393]"
2217,"[1022254, 1055504, 995478, 844179, 1070820]"
2221,"[6533368, 1044078, 844179, 12301100, 1126899]"
2222,"[1008032, 5569230, 917033, 1004906, 990797]"
2223,"[1029743, 836445, 1087102, 5587656, 5568378]"
2224,"[923670, 1038985, 1031087, 996009, 1070820]"
2225,"[872137, 991874, 834158, 970202, 1126899]"
2226,"[1116050, 1106523, 1037332, 1126899, 1110409]"
2228,"[1029743, 977374, 1075368, 1097398, 1106523]"
2229,"[965772, 880427, 1034176, 1127716, 839419]"
2231,"[944836, 1070820, 1126899, 893018, 916122]"
2233,"[1081177, 1046756, 9835509, 1055425, 854852]"
2234,"[854754, 880150, 915493, 8065410, 1104343]"
2235,"[937292, 857130, 940766, 1044078, 1072523]"
2237,"[916122, 872137, 844179, 849202, 1004906]"
2238,"[971983, 834117, 1029743, 1044078, 862799]"
2239,"[1106523, 5569230, 5567702, 1029743, 1029743]"
2240,"[1106523, 1044188, 983659, 5568378, 1029743]"
2241,"[1029743, 874972, 910032, 899624, 901062]"
2243,"[1029743, 823990, 848029, 899624, 901776]"
2244,"[1044078, 9836106, 907631, 5569327, 1029743]"
2245,"[1044078, 1004906, 12301100, 832678, 878996]"
2247,"[1022254, 1106523, 1042544, 1065538, 832678]"
2248,"[1126899, 1106523, 1040807, 1087102, 893018]"
2250,"[957063, 1094308, 1029743, 899624, 1090931]"
2252,"[1029743, 1104343, 1044078, 844179, 1056509]"
2253,"[5574377, 918046, 1029743, 1138292, 1097398]"
2256,"[10198378, 842125, 1003649, 12171765, 5566697]"
2257,"[1104349, 1106523, 1106116, 1126465, 1029743]"
2258,"[8020166, 939860, 5569230, 1029743, 1126899]"
2259,"[5569230, 1106523, 918046, 8020166, 6632283]"
2260,"[1069003, 1029743, 854852, 972665, 1102416]"
2261,"[1106523, 983584, 1037840, 916122, 944534]"
2262,"[1019247, 6773232, 5981267, 1122358, 893018]"
2263,"[986912, 1044078, 976199, 1004906, 1029743]"
2264,"[1126899, 916122, 5566472, 5587656, 995965]"
2266,"[12946027, 923789, 1011926, 824305, 998444]"
2267,"[1126899, 913210, 6514160, 1103105, 1098844]"
2269,"[916122, 6034857, 10149640, 12301839, 12301109]"
2270,"[1044078, 981165, 1004906, 999625, 1093413]"
2271,"[1029743, 916990, 1029743, 974766, 1138292]"
2272,"[1045586, 1040807, 827656, 1104343, 953539]"
2273,"[880427, 1029743, 1082185, 825170, 901776]"
2274,"[1101010, 971922, 1106523, 1106271, 1072523]"
2275,"[1044078, 899624, 916122, 844179, 10149640]"
2276,"[967144, 983584, 929018, 12946027, 1138443]"
2277,"[1106523, 866211, 1044078, 8090537, 6704207]"
2278,"[951412, 1070820, 1022254, 872137, 844179]"
2279,"[849697, 8090537, 851569, 854852, 1009368]"
2280,"[1070820, 1138443, 1041796, 1082990, 940947]"
2281,"[6514160, 998352, 1126899, 6534077, 1046756]"
2282,"[833724, 8203851, 1098248, 1022254, 10457590]"
2283,"[1106523, 1126899, 1070820, 883003, 976199]"
2284,"[1046756, 916122, 951412, 6514160, 1051468]"
2285,"[857503, 904833, 7464370, 9296856, 991874]"
2287,"[1029743, 854852, 1126899, 835278, 883003]"
2288,"[1126899, 976199, 1044078, 1070820, 983584]"
2289,"[984680, 10344585, 913210, 1029743, 1004906]"
2290,"[996891, 1029743, 827656, 1075368, 871756]"
2291,"[962588, 12523928, 1029743, 1126899, 1070820]"
2292,"[1029743, 865456, 1008032, 1118033, 899624]"
2293,"[8020166, 986912, 918046, 1074333, 1097398]"
2294,"[1082185, 5590613, 1132771, 1029743, 1106523]"
2295,"[854405, 899624, 1044078, 1106523, 6533681]"
2296,"[1068719, 1029743, 1042438, 913210, 856252]"
2297,"[1127758, 12731544, 1106523, 1081177, 1079987]"
2298,"[856252, 871756, 966348, 910032, 916122]"
2299,"[6602697, 1091858, 878996, 834491, 901062]"
2300,"[1029743, 10344585, 999104, 12301100, 8273833]"
2301,"[1057749, 910032, 8090521, 1029743, 983584]"
2302,"[1029743, 1004906, 1102416, 1122358, 1056509]"
2303,"[1029743, 933835, 1002771, 841220, 983584]"
2305,"[1029743, 983584, 9835509, 1056509, 916122]"
2307,"[1138443, 883003, 1112238, 1070845, 1124971]"
2308,"[974766, 1097398, 5567702, 1029743, 916990]"
2310,"[896613, 933067, 1068719, 962185, 856252]"
2312,"[1070820, 6034857, 916122, 9245106, 1061982]"
2314,"[985999, 1048257, 1109014, 854852, 6463742]"
2315,"[939860, 1126899, 6632283, 8020166, 1029743]"
2317,"[1082185, 1029743, 1105917, 1138443, 933835]"
2319,"[1029743, 5569230, 1075368, 844179, 983584]"
2322,"[1082185, 1127831, 903800, 866211, 899624]"
2323,"[1106523, 1029743, 10201384, 1026136, 5575861]"
2324,"[938118, 1094924, 981086, 909714, 1029743]"
2325,"[1075368, 986912, 918046, 6632283, 5574377]"
2328,"[1082990, 1127831, 848319, 1106523, 916122]"
2330,"[8090536, 1106523, 1029743, 1056509, 913210]"
2331,"[1029743, 1044078, 933835, 856252, 854405]"
2333,"[1029743, 1106523, 1116050, 1126899, 9396705]"
2334,"[1029743, 1102416, 892573, 5568378, 1070272]"
2335,"[1029743, 1101010, 1044078, 1122358, 1043494]"
2336,"[1029743, 5568378, 844179, 1122358, 5585510]"
2337,"[1067695, 1097001, 894439, 1081177, 1044078]"
2338,"[1106523, 890695, 971922, 1004906, 883003]"
2339,"[977374, 1097398, 986912, 939860, 1126899]"
2340,"[918046, 1097398, 1075368, 5574377, 939860]"
2341,"[1106523, 907625, 1098284, 12301100, 5568378]"
2342,"[866548, 1029743, 7166865, 901062, 1043751]"
2343,"[916122, 1029743, 6534480, 857503, 1106523]"
2344,"[1000753, 907631, 1022254, 8090440, 8090537]"
2345,"[5569230, 1106523, 8090521, 983584, 1029743]"
2347,"[1029743, 8090521, 8293447, 8090513, 1122358]"
2349,"[836085, 1106523, 1082185, 6533608, 890695]"
2350,"[1029743, 5567702, 977374, 916990, 5574377]"
2351,"[1029743, 825703, 864335, 916122, 9835509]"
2352,"[872137, 965766, 869047, 1101706, 1070272]"
2354,"[913210, 1126899, 866211, 9835509, 897954]"
2359,"[1103105, 1106523, 960732, 1022254, 1068719]"
2360,"[909714, 1029743, 916122, 1027068, 944534]"
2361,"[1126899, 898121, 1057011, 865511, 902172]"
2363,"[944137, 6602697, 1070820, 1029743, 6034577]"
2364,"[5707857, 2067041, 1106523, 1029743, 913210]"
2366,"[1044078, 1004906, 913210, 948670, 1012701]"
2368,"[6632283, 1126899, 1029743, 1029743, 939860]"
2369,"[1029743, 1121059, 863885, 8090440, 1112238]"
2370,"[825365, 1070820, 946839, 897954, 863447]"
2372,"[1029743, 1037840, 8090532, 1005274, 999250]"
2373,"[8020166, 5569230, 1106523, 1029743, 5567702]"
2374,"[1070820, 901062, 1041796, 872137, 1137775]"
2375,"[883932, 835300, 848029, 896613, 5585510]"
2376,"[1029743, 8090537, 1056509, 919534, 933835]"
2377,"[866211, 13189726, 883003, 901062, 949784]"
2378,"[1029743, 916122, 12301109, 9677366, 1054402]"
2379,"[860248, 854405, 1101706, 1126899, 892314]"
2380,"[1122358, 1029743, 948670, 848319, 12695224]"
2381,"[890695, 916122, 1131344, 1021519, 1093413]"
2385,"[939860, 5574377, 1029743, 8020166, 1075368]"
2386,"[1029743, 1081177, 883003, 821741, 827999]"
2387,"[848029, 940947, 1126899, 844179, 1044078]"
2388,"[1106523, 1029743, 1044078, 916122, 1044188]"
2389,"[1029743, 12946027, 937736, 937292, 893018]"
2392,"[965766, 5568378, 1068719, 1009368, 895166]"
2393,"[913210, 6391089, 863447, 995965, 976199]"
2394,"[986727, 1088979, 1028953, 1061487, 1006483]"
2395,"[949294, 993638, 5569230, 825731, 1029743]"
2397,"[1126899, 918046, 986912, 1029743, 8020166]"
2399,"[1029743, 939860, 5567702, 5574377, 1097398]"
2400,"[916122, 838186, 1106523, 957951, 8090521]"
2401,"[1081177, 825343, 854852, 1106523, 848029]"
2404,"[1081177, 1126899, 854852, 1029743, 1070820]"
2405,"[1091383, 6602697, 1005274, 936914, 1029743]"
2406,"[1126899, 5568729, 5568378, 1105488, 878996]"
2407,"[1029743, 878442, 883940, 1051989, 899624]"
2408,"[1029743, 1138443, 908318, 892531, 999198]"
2410,"[1106523, 1029743, 1122568, 1070820, 5567702]"
2412,"[899624, 1106523, 969568, 1068719, 916122]"
2416,"[12808385, 849697, 910473, 1098844, 1029743]"
2418,"[1029743, 9245108, 1100379, 1072693, 1101010]"
2420,"[1068719, 999779, 12731714, 1106523, 944534]"
2421,"[878996, 1105488, 1138443, 1126899, 972665]"
2424,"[1072693, 916993, 1019643, 6034857, 1029743]"
2425,"[1029743, 1070820, 854852, 1046816, 6463742]"
2426,"[1058404, 1044078, 1060408, 1029743, 6704207]"
2427,"[856252, 1034955, 892531, 866211, 908318]"
2429,"[5569230, 918046, 1138292, 1126899, 1074333]"
2431,"[1106523, 1127758, 948670, 1076056, 835300]"
2434,"[1029743, 918046, 939860, 1106523, 1074333]"
2435,"[1029743, 1081177, 10198378, 899624, 12695224]"
2437,"[1070820, 866211, 8090536, 831063, 946839]"
2438,"[919766, 8090556, 15452631, 1126703, 892531]"
2439,"[5569230, 1075368, 1097398, 1138292, 939860]"
2440,"[874972, 1106523, 910032, 899624, 1127758]"
2441,"[1029743, 898121, 963835, 8019681, 1004390]"
2442,"[1126899, 12949590, 6602697, 6039640, 9527323]"
2445,"[933835, 844179, 1029743, 1021519, 1082185]"
2446,"[1044259, 941368, 1051211, 990797, 963868]"
2447,"[944137, 1006342, 1062002, 968072, 1127831]"
2448,"[993638, 1106523, 951412, 12731714, 1121694]"
2449,"[1029743, 872137, 1055504, 1041796, 1126899]"
2450,"[1022254, 831628, 1070820, 1038985, 866211]"
2451,"[1070820, 1126899, 854754, 872137, 917033]"
2452,"[949023, 1106523, 1127758, 1081177, 5568378]"
2453,"[1136719, 6391381, 976199, 1070820, 1106271]"
2455,"[1131321, 1029743, 844179, 1102416, 849202]"
2456,"[951412, 1126899, 857503, 908318, 866211]"
2457,"[1106523, 901062, 1112238, 938118, 883003]"
2458,"[965842, 1127831, 893018, 1041796, 8090521]"
2459,"[1029743, 1128016, 1004906, 854852, 1051323]"
2460,"[5569230, 5568378, 5569471, 979707, 1059395]"
2461,"[1110409, 866871, 1112205, 1098844, 1022254]"
2462,"[6034857, 1029743, 901062, 979707, 8293343]"
2464,"[872137, 887220, 1082212, 1070820, 951412]"
2465,"[10344585, 986912, 883003, 899624, 856252]"
2466,"[1029743, 1106523, 1068719, 1041796, 12946027]"
2467,"[1126899, 8090536, 1127831, 1083446, 1103105]"
2470,"[926544, 9487613, 12757065, 961979, 950894]"
2471,"[1029743, 1104343, 884945, 992292, 6979437]"
2472,"[1029743, 1081177, 949294, 1068719, 1122358]"
2475,"[1070820, 5569471, 918598, 971922, 1088414]"
2477,"[1126899, 6632283, 1138292, 977374, 5569230]"
2478,"[965766, 823775, 1051211, 932949, 1137775]"
2479,"[1127831, 1106523, 916122, 9835509, 1101010]"
2481,"[1029743, 1132771, 963971, 865705, 1056509]"
2482,"[1106523, 1029743, 1082185, 999779, 899624]"
2483,"[6533936, 1070820, 948832, 1130375, 1105488]"
2484,"[1029743, 878715, 899624, 854405, 1056509]"
2485,"[5569230, 1098844, 6602697, 999198, 907631]"
2486,"[1029743, 8090521, 940947, 12810393, 916122]"
2488,"[1070820, 972665, 965766, 913210, 865456]"
2489,"[1068719, 965842, 1029743, 880150, 1022254]"
2492,"[1106523, 914577, 883003, 866755, 5569230]"
2494,"[1004906, 1070820, 899624, 913210, 854852]"
2496,"[1056509, 1106523, 1041796, 907631, 916122]"
2497,"[1029743, 1135834, 1051323, 1040807, 5590613]"
2498,"[1106523, 1070820, 1100379, 1126899, 1130858]"
2499,"[5569327, 5568378, 1070820, 1060872, 899624]"
2500,"[1065538, 854405, 1056509, 1019643, 1126899]"
